Reading package lists...
Building dependency tree...
Reading state information...
python3 is already the newest version (3.12.3-0ubuntu2.1).
python3-pip is already the newest version (24.0+dfsg-1ubuntu1.3).
xvfb is already the newest version (2:21.1.12-1ubuntu1.6).
The following additional packages will be installed:
  blt breeze breeze-cursor-theme breeze-icon-theme drkonqi
  frameworkintegration gdb kactivitymanagerd kde-style-breeze kded5 kinit kio
  kpackagetool5 ktexteditor-data kwayland-data kwin-common kwin-data
  kwin-style-breeze liba52-0.7.4 libaa1 libaml0t64 libappstreamqt5-3
  libaribb24-0t64 libass9 libasyncns0 libavc1394-0 libavcodec60 libavdevice60
  libavfilter9 libavformat60 libavutil58 libbabeltrace1 libblas3 libbluray2
  libbs2b0 libcaca0 libcddb2 libcdio-cdda2t64 libcdio-paranoia2t64
  libcdio19t64 libchromaprint1 libcjson1 libcodec2-1.2 libcolorcorrect5
  libdav1d7 libdbusmenu-qt5-2 libdc1394-25 libdca0 libdebuginfod-common
  libdebuginfod1t64 libdecor-0-0 libdmtx0t64 libdouble-conversion3 libdvbpsi10
  libdvdnav4 libdvdread8t64 libebml5 libeditorconfig0 libegl-mesa0 libegl1
  libevent-2.1-7t64 libexiv2-27 libfaad2 libflac12t64 libflite1
  libfreerdp-server2-2t64 libfreerdp2-2t64 libgles2 libgme0 libgpgmepp6t64
  libgps30t64 libgsm1 libgstreamer-plugins-base1.0-0 libharfbuzz-subset0
  libhwy1t64 libidn12 libiec61883-0 libimobiledevice6 libinput-bin libinput10
  libipt2 libixml11t64 libjack-jackd2-0 libjxl0.7 libkate1
  libkdecorations2-5v5 libkdecorations2private10 libkf5activities5
  libkf5activitiesstats1 libkf5archive-data libkf5archive5 libkf5attica5
  libkf5auth-data libkf5auth5 libkf5authcore5 libkf5baloo5 libkf5balooengine5
  libkf5bookmarks-data libkf5bookmarks5 libkf5calendarevents5
  libkf5codecs-data libkf5codecs5 libkf5completion-data libkf5completion5
  libkf5config-bin libkf5config-data libkf5configcore5 libkf5configgui5
  libkf5configqml5 libkf5configwidgets-data libkf5configwidgets5
  libkf5coreaddons-data libkf5coreaddons5 libkf5crash5 libkf5dbusaddons-data
  libkf5dbusaddons5 libkf5declarative-data libkf5declarative5 libkf5doctools5
  libkf5filemetadata-data libkf5filemetadata3 libkf5globalaccel-bin
  libkf5globalaccel-data libkf5globalaccel5 libkf5globalaccelprivate5
  libkf5guiaddons-bin libkf5guiaddons-data libkf5guiaddons5
  libkf5holidays-data libkf5holidays5 libkf5i18n-data libkf5i18n5
  libkf5iconthemes-data libkf5iconthemes5 libkf5idletime5 libkf5itemmodels5
  libkf5itemviews-data libkf5itemviews5 libkf5jobwidgets-data
  libkf5jobwidgets5 libkf5kcmutils-data libkf5kcmutils5 libkf5kcmutilscore5
  libkf5kexiv2-15.0.0 libkf5kiocore5 libkf5kiofilewidgets5 libkf5kiogui5
  libkf5kiontlm5 libkf5kiowidgets5 libkf5kirigami2-5 libkf5networkmanagerqt6
  libkf5newstuff-data libkf5newstuff5 libkf5newstuffcore5
  libkf5newstuffwidgets5 libkf5notifications-data libkf5notifications5
  libkf5notifyconfig-data libkf5notifyconfig5 libkf5package-data
  libkf5package5 libkf5parts-data libkf5parts5 libkf5people-data libkf5people5
  libkf5peoplebackend5 libkf5peoplewidgets5 libkf5plasma5 libkf5plasmaquick5
  libkf5prison5 libkf5quickaddons5 libkf5runner5 libkf5screen-bin
  libkf5screen-data libkf5screen8 libkf5screendpms8 libkf5service-bin
  libkf5service-data libkf5service5 libkf5solid5 libkf5solid5-data
  libkf5sonnet5-data libkf5sonnetcore5 libkf5sonnetui5 libkf5style5
  libkf5syndication5abi1 libkf5syntaxhighlighting-data
  libkf5syntaxhighlighting5 libkf5sysguard-data libkf5texteditor-bin
  libkf5texteditor5 libkf5textwidgets-data libkf5textwidgets5
  libkf5threadweaver5 libkf5wallet-bin libkf5wallet-data libkf5wallet5
  libkf5waylandclient5 libkf5widgetsaddons-data libkf5widgetsaddons5
  libkf5windowsystem-data libkf5windowsystem5 libkf5xmlgui-data libkf5xmlgui5
  libkfontinst5 libkfontinstui5 libkpipewire5 libkpipewiredmabuf5
  libkpipewirerecord5 libkscreenlocker5 libksgrd9 libksysguardformatter1
  libksysguardsensorfaces1 libksysguardsensors1 libksysguardsystemstats1
  libkuserfeedback-l10n libkuserfeedbackcore1 libkwalletbackend5-5
  libkwineffects14 libkwinglutils14 libkworkspace5-5 liblapack3
  liblayershellqtinterface5 liblilv-0-0 liblirc-client0t64 liblua5.2-0 libmad0
  libmatroska7 libmbedcrypto7t64 libmd4c0 libminizip1t64 libmp3lame0
  libmpcdec6 libmpeg2-4 libmpg123-0t64 libmtdev1t64 libmtp-common libmtp9t64
  libmysofa1 libneatvnc0 libnfs14 libnotificationmanager1 libopenal-data
  libopenal1 libopengl0 libopenmpt-modplug1 libopenmpt0t64 libopus0
  liborc-0.4-0t64 libpackagekitqt5-1 libphonon-l10n libphonon4qt5-4t64
  libpipewire-0.3-0t64 libplacebo338 libplasma-geolocation-interface5
  libplist-2.0-4 libpocketsphinx3 libpolkit-qt5-1-1 libpostproc57
  libprocesscore9 libprocessui9 libpulse-mainloop-glib0 libpulse0
  libqalculate-data libqalculate22t64 libqca-qt5-2 libqrencode4 libqt5core5t64
  libqt5dbus5t64 libqt5gui5t64 libqt5multimedia5 libqt5multimediaquick5
  libqt5network5t64 libqt5positioning5 libqt5printsupport5t64 libqt5qml5
  libqt5qmlmodels5 libqt5qmlworkerscript5 libqt5quick5 libqt5quickcontrols2-5
  libqt5quickshapes5 libqt5quicktemplates2-5 libqt5quickwidgets5
  libqt5sql5-sqlite libqt5sql5t64 libqt5svg5 libqt5texttospeech5
  libqt5waylandclient5 libqt5webchannel5 libqt5webengine-data
  libqt5webenginecore5 libqt5webenginewidgets5 libqt5widgets5t64
  libqt5x11extras5 libqt5xml5t64 librav1e0 libraw1394-11 libresid-builder0c2a
  librist4 librsvg2-2 librubberband2 libsamplerate0 libsdl2-2.0-0 libseat1
  libsecret-1-0 libsecret-common libserd-0-0 libshine3 libshout3 libsidplay2
  libsndfile1 libsndio7.0 libsord-0-0 libsource-highlight-common
  libsource-highlight4t64 libsoxr0 libspa-0.2-modules libspatialaudio0t64
  libspeex1 libspeexdsp1 libsphinxbase3t64 libsratom-0-0 libsrt1.5-gnutls
  libssh-gcrypt-4 libsvtav1enc1d1 libswresample4 libswscale7 libtag1v5
  libtag1v5-vanilla libtaskmanager6 libtheora0 libturbojpeg libtwolame0
  libudfread0 libunibreak5 libupnp17t64 libusbmuxd6 libva-drm2 libva-wayland2
  libva-x11-2 libva2 libvdpau1 libvidstab1.1 libvlc5 libvlccore9 libvorbisenc2
  libvpl2 libvpx9 libwacom-common libwacom9 libwayland-server0 libweather-ion7
  libwebrtc-audio-processing1 libweston-13-0 libwinpr2-2t64 libx264-164
  libx265-199 libxcb-composite0 libxcb-cursor0 libxcb-damage0 libxcb-dpms0
  libxcb-icccm4 libxcb-image0 libxcb-keysyms1 libxcb-record0
  libxcb-render-util0 libxcb-res0 libxcb-shape0 libxcb-util1 libxcb-xinerama0
  libxcb-xinput0 libxcb-xkb1 libxcb-xv0 libxcvt0 libxkbcommon-x11-0 libxres1
  libxv1 libxvidcore4 libxxf86dga1 libzimg2 libzix-0-0 libzvbi-common
  libzvbi0t64 libzxing3 milou ocl-icd-libopencl1 phonon-backend-vlc-common
  phonon4qt5 phonon4qt5-backend-vlc plasma-framework plasma-integration
  plasma-workspace-data qdbus-qt5 qml-module-org-kde-activities
  qml-module-org-kde-draganddrop qml-module-org-kde-kcmutils
  qml-module-org-kde-kconfig qml-module-org-kde-kcoreaddons
  qml-module-org-kde-kholidays qml-module-org-kde-kirigami2
  qml-module-org-kde-kitemmodels qml-module-org-kde-kquickcontrols
  qml-module-org-kde-kquickcontrolsaddons qml-module-org-kde-ksysguard
  qml-module-org-kde-kwindowsystem qml-module-org-kde-newstuff
  qml-module-org-kde-pipewire qml-module-org-kde-prison
  qml-module-org-kde-qqc2desktopstyle qml-module-org-kde-quickcharts
  qml-module-org-kde-solid qml-module-org-kde-sonnet
  qml-module-org-kde-syntaxhighlighting qml-module-org-kde-userfeedback
  qml-module-qt-labs-folderlistmodel qml-module-qt-labs-settings
  qml-module-qtgraphicaleffects qml-module-qtmultimedia qml-module-qtqml
  qml-module-qtqml-models2 qml-module-qtquick-controls
  qml-module-qtquick-controls2 qml-module-qtquick-dialogs
  qml-module-qtquick-layouts qml-module-qtquick-privatewidgets
  qml-module-qtquick-shapes qml-module-qtquick-templates2
  qml-module-qtquick-window2 qml-module-qtquick2 qtchooser tk8.6-blt2.5
  vlc-data vlc-plugin-base vlc-plugin-video-output x11-utils x11-xserver-utils
Suggested packages:
  blt-demo ffmpeg-doc gdb-doc gdbserver kwin-addons libcuda1 libnvcuvid1
  libnvidia-encode1 libbluray-bdj libdvdcss2 exiv2 freerdp2-x11 gpsd
  libvisual-0.4-plugins libusbmuxd-tools jackd2 lirc libportaudio2 opus-tools
  pipewire pulseaudio qgnomeplatform-qt5 qt5-image-formats-plugins
  qt5-qmltooling-plugins libraw1394-doc librsvg2-bin serdi sndiod sordi speex
  libwacom-bin opencl-icd phonon4qt5-backend-gstreamer tix python3-tk-dbg
  wayland-utils mesa-utils nickle cairo-5c xorg-docs-core
Recommended packages:
  kde-style-qtcurve libc-dbg switcheroo-control libqt5multimedia5-plugins
  plasma-desktop qtvirtualkeyboard-plugin qml-module-qtquick-virtualkeyboard
  systemsettings libaacs0 default-libdecor-0-plugin-1 | libdecor-0-plugin-1
  gstreamer1.0-plugins-base usbmuxd kactivities-bin keditbookmarks
  libkf5dbusaddons-bin kpackagelauncherqml libkf5filemetadata-bin
  libkf5iconthemes-bin kwayland-integration libkf5parts-plugins
  qml-module-org-kde-runnermodel media-player-info sonnet-plugins
  ktexteditor-katepart qtwayland5 libkf5xmlgui-bin kde-config-screenlocker
  kuserfeedback-doc layer-shell-qt libmtp-runtime libpipewire-0.3-common
  pocketsphinx-en-us libqca-qt5-2-plugins qttranslations5-l10n
  qt5-gtk-platformtheme geoclue-2.0 qtspeech5-speechd-plugin
  | qtspeech5-flite-plugin librsvg2-common va-driver-all | va-driver
  vdpau-driver-all | vdpau-driver libvlc-bin libproxy-tools fonts-hack
  fonts-noto-hinted appmenu-gtk3-module kde-cli-tools kio-extras kio-fuse
  ksystemstats libpam-kwallet5 powerdevil luit
The following NEW packages will be installed:
  blt breeze breeze-cursor-theme breeze-icon-theme dbus-x11 drkonqi ffmpeg
  frameworkintegration gdb kactivitymanagerd kde-style-breeze kded5 kinit kio
  kpackagetool5 ktexteditor-data kwayland-data kwin-common kwin-data
  kwin-style-breeze liba52-0.7.4 libaa1 libaml0t64 libappstreamqt5-3
  libaribb24-0t64 libass9 libasyncns0 libavc1394-0 libavcodec60 libavdevice60
  libavfilter9 libavformat60 libavutil58 libbabeltrace1 libblas3 libbluray2
  libbs2b0 libcaca0 libcddb2 libcdio-cdda2t64 libcdio-paranoia2t64
  libcdio19t64 libchromaprint1 libcjson1 libcodec2-1.2 libcolorcorrect5
  libdav1d7 libdbusmenu-qt5-2 libdc1394-25 libdca0 libdebuginfod-common
  libdebuginfod1t64 libdecor-0-0 libdmtx0t64 libdouble-conversion3 libdvbpsi10
  libdvdnav4 libdvdread8t64 libebml5 libeditorconfig0 libegl-mesa0 libegl1
  libevent-2.1-7t64 libexiv2-27 libfaad2 libflac12t64 libflite1
  libfreerdp-server2-2t64 libfreerdp2-2t64 libgles2 libgme0 libgpgmepp6t64
  libgps30t64 libgsm1 libgstreamer-plugins-base1.0-0 libharfbuzz-subset0
  libhwy1t64 libidn12 libiec61883-0 libimobiledevice6 libinput-bin libinput10
  libipt2 libixml11t64 libjack-jackd2-0 libjxl0.7 libkate1
  libkdecorations2-5v5 libkdecorations2private10 libkf5activities5
  libkf5activitiesstats1 libkf5archive-data libkf5archive5 libkf5attica5
  libkf5auth-data libkf5auth5 libkf5authcore5 libkf5baloo5 libkf5balooengine5
  libkf5bookmarks-data libkf5bookmarks5 libkf5calendarevents5
  libkf5codecs-data libkf5codecs5 libkf5completion-data libkf5completion5
  libkf5config-bin libkf5config-data libkf5configcore5 libkf5configgui5
  libkf5configqml5 libkf5configwidgets-data libkf5configwidgets5
  libkf5coreaddons-data libkf5coreaddons5 libkf5crash5 libkf5dbusaddons-data
  libkf5dbusaddons5 libkf5declarative-data libkf5declarative5 libkf5doctools5
  libkf5filemetadata-data libkf5filemetadata3 libkf5globalaccel-bin
  libkf5globalaccel-data libkf5globalaccel5 libkf5globalaccelprivate5
  libkf5guiaddons-bin libkf5guiaddons-data libkf5guiaddons5
  libkf5holidays-data libkf5holidays5 libkf5i18n-data libkf5i18n5
  libkf5iconthemes-data libkf5iconthemes5 libkf5idletime5 libkf5itemmodels5
  libkf5itemviews-data libkf5itemviews5 libkf5jobwidgets-data
  libkf5jobwidgets5 libkf5kcmutils-data libkf5kcmutils5 libkf5kcmutilscore5
  libkf5kexiv2-15.0.0 libkf5kiocore5 libkf5kiofilewidgets5 libkf5kiogui5
  libkf5kiontlm5 libkf5kiowidgets5 libkf5kirigami2-5 libkf5networkmanagerqt6
  libkf5newstuff-data libkf5newstuff5 libkf5newstuffcore5
  libkf5newstuffwidgets5 libkf5notifications-data libkf5notifications5
  libkf5notifyconfig-data libkf5notifyconfig5 libkf5package-data
  libkf5package5 libkf5parts-data libkf5parts5 libkf5people-data libkf5people5
  libkf5peoplebackend5 libkf5peoplewidgets5 libkf5plasma5 libkf5plasmaquick5
  libkf5prison5 libkf5quickaddons5 libkf5runner5 libkf5screen-bin
  libkf5screen-data libkf5screen8 libkf5screendpms8 libkf5service-bin
  libkf5service-data libkf5service5 libkf5solid5 libkf5solid5-data
  libkf5sonnet5-data libkf5sonnetcore5 libkf5sonnetui5 libkf5style5
  libkf5syndication5abi1 libkf5syntaxhighlighting-data
  libkf5syntaxhighlighting5 libkf5sysguard-data libkf5texteditor-bin
  libkf5texteditor5 libkf5textwidgets-data libkf5textwidgets5
  libkf5threadweaver5 libkf5wallet-bin libkf5wallet-data libkf5wallet5
  libkf5waylandclient5 libkf5widgetsaddons-data libkf5widgetsaddons5
  libkf5windowsystem-data libkf5windowsystem5 libkf5xmlgui-data libkf5xmlgui5
  libkfontinst5 libkfontinstui5 libkpipewire5 libkpipewiredmabuf5
  libkpipewirerecord5 libkscreenlocker5 libksgrd9 libksysguardformatter1
  libksysguardsensorfaces1 libksysguardsensors1 libksysguardsystemstats1
  libkuserfeedback-l10n libkuserfeedbackcore1 libkwalletbackend5-5
  libkwineffects14 libkwinglutils14 libkworkspace5-5 liblapack3
  liblayershellqtinterface5 liblilv-0-0 liblirc-client0t64 liblua5.2-0 libmad0
  libmatroska7 libmbedcrypto7t64 libmd4c0 libminizip1t64 libmp3lame0
  libmpcdec6 libmpeg2-4 libmpg123-0t64 libmtdev1t64 libmtp-common libmtp9t64
  libmysofa1 libneatvnc0 libnfs14 libnotificationmanager1 libopenal-data
  libopenal1 libopengl0 libopenmpt-modplug1 libopenmpt0t64 libopus0
  liborc-0.4-0t64 libpackagekitqt5-1 libphonon-l10n libphonon4qt5-4t64
  libpipewire-0.3-0t64 libplacebo338 libplasma-geolocation-interface5
  libplist-2.0-4 libpocketsphinx3 libpolkit-qt5-1-1 libpostproc57
  libprocesscore9 libprocessui9 libpulse-mainloop-glib0 libpulse0
  libqalculate-data libqalculate22t64 libqca-qt5-2 libqrencode4 libqt5core5t64
  libqt5dbus5t64 libqt5gui5t64 libqt5multimedia5 libqt5multimediaquick5
  libqt5network5t64 libqt5positioning5 libqt5printsupport5t64 libqt5qml5
  libqt5qmlmodels5 libqt5qmlworkerscript5 libqt5quick5 libqt5quickcontrols2-5
  libqt5quickshapes5 libqt5quicktemplates2-5 libqt5quickwidgets5
  libqt5sql5-sqlite libqt5sql5t64 libqt5svg5 libqt5texttospeech5
  libqt5waylandclient5 libqt5webchannel5 libqt5webengine-data
  libqt5webenginecore5 libqt5webenginewidgets5 libqt5widgets5t64
  libqt5x11extras5 libqt5xml5t64 librav1e0 libraw1394-11 libresid-builder0c2a
  librist4 librsvg2-2 librubberband2 libsamplerate0 libsdl2-2.0-0 libseat1
  libsecret-1-0 libsecret-common libserd-0-0 libshine3 libshout3 libsidplay2
  libsndfile1 libsndio7.0 libsord-0-0 libsource-highlight-common
  libsource-highlight4t64 libsoxr0 libspa-0.2-modules libspatialaudio0t64
  libspeex1 libspeexdsp1 libsphinxbase3t64 libsratom-0-0 libsrt1.5-gnutls
  libssh-gcrypt-4 libsvtav1enc1d1 libswresample4 libswscale7 libtag1v5
  libtag1v5-vanilla libtaskmanager6 libtheora0 libturbojpeg libtwolame0
  libudfread0 libunibreak5 libupnp17t64 libusbmuxd6 libva-drm2 libva-wayland2
  libva-x11-2 libva2 libvdpau1 libvidstab1.1 libvlc5 libvlccore9 libvorbisenc2
  libvpl2 libvpx9 libwacom-common libwacom9 libwayland-server0 libweather-ion7
  libwebrtc-audio-processing1 libweston-13-0 libwinpr2-2t64 libx264-164
  libx265-199 libxcb-composite0 libxcb-cursor0 libxcb-damage0 libxcb-dpms0
  libxcb-icccm4 libxcb-image0 libxcb-keysyms1 libxcb-record0
  libxcb-render-util0 libxcb-res0 libxcb-shape0 libxcb-util1 libxcb-xinerama0
  libxcb-xinput0 libxcb-xkb1 libxcb-xv0 libxcvt0 libxkbcommon-x11-0 libxres1
  libxv1 libxvidcore4 libxxf86dga1 libzimg2 libzix-0-0 libzvbi-common
  libzvbi0t64 libzxing3 milou ocl-icd-libopencl1 phonon-backend-vlc-common
  phonon4qt5 phonon4qt5-backend-vlc plasma-framework plasma-integration
  plasma-workspace plasma-workspace-data python3-tk qdbus-qt5
  qml-module-org-kde-activities qml-module-org-kde-draganddrop
  qml-module-org-kde-kcmutils qml-module-org-kde-kconfig
  qml-module-org-kde-kcoreaddons qml-module-org-kde-kholidays
  qml-module-org-kde-kirigami2 qml-module-org-kde-kitemmodels
  qml-module-org-kde-kquickcontrols qml-module-org-kde-kquickcontrolsaddons
  qml-module-org-kde-ksysguard qml-module-org-kde-kwindowsystem
  qml-module-org-kde-newstuff qml-module-org-kde-pipewire
  qml-module-org-kde-prison qml-module-org-kde-qqc2desktopstyle
  qml-module-org-kde-quickcharts qml-module-org-kde-solid
  qml-module-org-kde-sonnet qml-module-org-kde-syntaxhighlighting
  qml-module-org-kde-userfeedback qml-module-qt-labs-folderlistmodel
  qml-module-qt-labs-settings qml-module-qtgraphicaleffects
  qml-module-qtmultimedia qml-module-qtqml qml-module-qtqml-models2
  qml-module-qtquick-controls qml-module-qtquick-controls2
  qml-module-qtquick-dialogs qml-module-qtquick-layouts
  qml-module-qtquick-privatewidgets qml-module-qtquick-shapes
  qml-module-qtquick-templates2 qml-module-qtquick-window2 qml-module-qtquick2
  qtchooser tk8.6-blt2.5 vlc-data vlc-plugin-base vlc-plugin-video-output
  weston x11-utils x11-xserver-utils
Preconfiguring packages ...
0 upgraded, 441 newly installed, 0 to remove and 83 not upgraded.
Need to get 0 B/288 MB of archives.
After this operation, 827 MB of additional disk space will be used.
Selecting previously unselected package libdebuginfod-common.
(Reading database ... 202954 files and directories currently installed.)
Preparing to unpack .../000-libdebuginfod-common_0.190-1.1ubuntu0.1_all.deb ...
Unpacking libdebuginfod-common (0.190-1.1ubuntu0.1) ...
Selecting previously unselected package libkf5config-data.
Preparing to unpack .../001-libkf5config-data_5.115.0-0ubuntu5_all.deb ...
Unpacking libkf5config-data (5.115.0-0ubuntu5) ...
Selecting previously unselected package libdouble-conversion3:amd64.
Preparing to unpack .../002-libdouble-conversion3_3.3.0-1build1_amd64.deb ...
Unpacking libdouble-conversion3:amd64 (3.3.0-1build1) ...
Selecting previously unselected package libqt5core5t64:amd64.
Preparing to unpack .../003-libqt5core5t64_5.15.13+dfsg-1ubuntu1_amd64.deb ...
Unpacking libqt5core5t64:amd64 (5.15.13+dfsg-1ubuntu1) ...
Selecting previously unselected package libqt5dbus5t64:amd64.
Preparing to unpack .../004-libqt5dbus5t64_5.15.13+dfsg-1ubuntu1_amd64.deb ...
Unpacking libqt5dbus5t64:amd64 (5.15.13+dfsg-1ubuntu1) ...
Selecting previously unselected package libkf5configcore5:amd64.
Preparing to unpack .../005-libkf5configcore5_5.115.0-0ubuntu5_amd64.deb ...
Unpacking libkf5configcore5:amd64 (5.115.0-0ubuntu5) ...
Selecting previously unselected package libkf5coreaddons-data.
Preparing to unpack .../006-libkf5coreaddons-data_5.115.0-0ubuntu5_all.deb ...
Unpacking libkf5coreaddons-data (5.115.0-0ubuntu5) ...
Selecting previously unselected package libkf5coreaddons5:amd64.
Preparing to unpack .../007-libkf5coreaddons5_5.115.0-0ubuntu5_amd64.deb ...
Unpacking libkf5coreaddons5:amd64 (5.115.0-0ubuntu5) ...
Selecting previously unselected package libegl-mesa0:amd64.
Preparing to unpack .../008-libegl-mesa0_25.2.8-0ubuntu0.24.04.2_amd64.deb ...
Unpacking libegl-mesa0:amd64 (25.2.8-0ubuntu0.24.04.2) ...
Selecting previously unselected package libegl1:amd64.
Preparing to unpack .../009-libegl1_1.7.0-1build1_amd64.deb ...
Unpacking libegl1:amd64 (1.7.0-1build1) ...
Selecting previously unselected package libmtdev1t64:amd64.
Preparing to unpack .../010-libmtdev1t64_1.1.6-1.1build1_amd64.deb ...
Unpacking libmtdev1t64:amd64 (1.1.6-1.1build1) ...
Selecting previously unselected package libwacom-common.
Preparing to unpack .../011-libwacom-common_2.10.0-2_all.deb ...
Unpacking libwacom-common (2.10.0-2) ...
Selecting previously unselected package libwacom9:amd64.
Preparing to unpack .../012-libwacom9_2.10.0-2_amd64.deb ...
Unpacking libwacom9:amd64 (2.10.0-2) ...
Selecting previously unselected package libinput-bin.
Preparing to unpack .../013-libinput-bin_1.25.0-1ubuntu3.5_amd64.deb ...
Unpacking libinput-bin (1.25.0-1ubuntu3.5) ...
Selecting previously unselected package libinput10:amd64.
Preparing to unpack .../014-libinput10_1.25.0-1ubuntu3.5_amd64.deb ...
Unpacking libinput10:amd64 (1.25.0-1ubuntu3.5) ...
Selecting previously unselected package libmd4c0:amd64.
Preparing to unpack .../015-libmd4c0_0.4.8-1build1_amd64.deb ...
Unpacking libmd4c0:amd64 (0.4.8-1build1) ...
Selecting previously unselected package libqt5network5t64:amd64.
Preparing to unpack .../016-libqt5network5t64_5.15.13+dfsg-1ubuntu1_amd64.deb ...
Unpacking libqt5network5t64:amd64 (5.15.13+dfsg-1ubuntu1) ...
Selecting previously unselected package libxcb-icccm4:amd64.
Preparing to unpack .../017-libxcb-icccm4_0.4.1-1.1build3_amd64.deb ...
Unpacking libxcb-icccm4:amd64 (0.4.1-1.1build3) ...
Selecting previously unselected package libxcb-util1:amd64.
Preparing to unpack .../018-libxcb-util1_0.4.0-1build3_amd64.deb ...
Unpacking libxcb-util1:amd64 (0.4.0-1build3) ...
Selecting previously unselected package libxcb-image0:amd64.
Preparing to unpack .../019-libxcb-image0_0.4.0-2build1_amd64.deb ...
Unpacking libxcb-image0:amd64 (0.4.0-2build1) ...
Selecting previously unselected package libxcb-keysyms1:amd64.
Preparing to unpack .../020-libxcb-keysyms1_0.4.0-1build4_amd64.deb ...
Unpacking libxcb-keysyms1:amd64 (0.4.0-1build4) ...
Selecting previously unselected package libxcb-render-util0:amd64.
Preparing to unpack .../021-libxcb-render-util0_0.3.9-1build4_amd64.deb ...
Unpacking libxcb-render-util0:amd64 (0.3.9-1build4) ...
Selecting previously unselected package libxcb-shape0:amd64.
Preparing to unpack .../022-libxcb-shape0_1.15-1ubuntu2_amd64.deb ...
Unpacking libxcb-shape0:amd64 (1.15-1ubuntu2) ...
Selecting previously unselected package libxcb-xinerama0:amd64.
Preparing to unpack .../023-libxcb-xinerama0_1.15-1ubuntu2_amd64.deb ...
Unpacking libxcb-xinerama0:amd64 (1.15-1ubuntu2) ...
Selecting previously unselected package libxcb-xinput0:amd64.
Preparing to unpack .../024-libxcb-xinput0_1.15-1ubuntu2_amd64.deb ...
Unpacking libxcb-xinput0:amd64 (1.15-1ubuntu2) ...
Selecting previously unselected package libxcb-xkb1:amd64.
Preparing to unpack .../025-libxcb-xkb1_1.15-1ubuntu2_amd64.deb ...
Unpacking libxcb-xkb1:amd64 (1.15-1ubuntu2) ...
Selecting previously unselected package libxkbcommon-x11-0:amd64.
Preparing to unpack .../026-libxkbcommon-x11-0_1.6.0-1build1_amd64.deb ...
Unpacking libxkbcommon-x11-0:amd64 (1.6.0-1build1) ...
Selecting previously unselected package libqt5gui5t64:amd64.
Preparing to unpack .../027-libqt5gui5t64_5.15.13+dfsg-1ubuntu1_amd64.deb ...
Unpacking libqt5gui5t64:amd64 (5.15.13+dfsg-1ubuntu1) ...
Selecting previously unselected package libqt5x11extras5:amd64.
Preparing to unpack .../028-libqt5x11extras5_5.15.13-1_amd64.deb ...
Unpacking libqt5x11extras5:amd64 (5.15.13-1) ...
Selecting previously unselected package libkf5crash5:amd64.
Preparing to unpack .../029-libkf5crash5_5.115.0-0ubuntu5_amd64.deb ...
Unpacking libkf5crash5:amd64 (5.115.0-0ubuntu5) ...
Selecting previously unselected package libkf5dbusaddons-data.
Preparing to unpack .../030-libkf5dbusaddons-data_5.115.0-0ubuntu5_all.deb ...
Unpacking libkf5dbusaddons-data (5.115.0-0ubuntu5) ...
Selecting previously unselected package libkf5dbusaddons5:amd64.
Preparing to unpack .../031-libkf5dbusaddons5_5.115.0-0ubuntu5_amd64.deb ...
Unpacking libkf5dbusaddons5:amd64 (5.115.0-0ubuntu5) ...
Selecting previously unselected package libkf5i18n-data.
Preparing to unpack .../032-libkf5i18n-data_5.115.0-0ubuntu6_all.deb ...
Unpacking libkf5i18n-data (5.115.0-0ubuntu6) ...
Selecting previously unselected package libqt5qml5:amd64.
Preparing to unpack .../033-libqt5qml5_5.15.13+dfsg-1ubuntu0.1_amd64.deb ...
Unpacking libqt5qml5:amd64 (5.15.13+dfsg-1ubuntu0.1) ...
Selecting previously unselected package libkf5i18n5:amd64.
Preparing to unpack .../034-libkf5i18n5_5.115.0-0ubuntu6_amd64.deb ...
Unpacking libkf5i18n5:amd64 (5.115.0-0ubuntu6) ...
Selecting previously unselected package libkf5service-data.
Preparing to unpack .../035-libkf5service-data_5.115.0-0ubuntu4_all.deb ...
Unpacking libkf5service-data (5.115.0-0ubuntu4) ...
Selecting previously unselected package libqt5xml5t64:amd64.
Preparing to unpack .../036-libqt5xml5t64_5.15.13+dfsg-1ubuntu1_amd64.deb ...
Unpacking libqt5xml5t64:amd64 (5.15.13+dfsg-1ubuntu1) ...
Selecting previously unselected package libkf5service5:amd64.
Preparing to unpack .../037-libkf5service5_5.115.0-0ubuntu4_amd64.deb ...
Unpacking libkf5service5:amd64 (5.115.0-0ubuntu4) ...
Selecting previously unselected package libkf5service-bin.
Preparing to unpack .../038-libkf5service-bin_5.115.0-0ubuntu4_amd64.deb ...
Unpacking libkf5service-bin (5.115.0-0ubuntu4) ...
Selecting previously unselected package libqt5widgets5t64:amd64.
Preparing to unpack .../039-libqt5widgets5t64_5.15.13+dfsg-1ubuntu1_amd64.deb ...
Unpacking libqt5widgets5t64:amd64 (5.15.13+dfsg-1ubuntu1) ...
Selecting previously unselected package kded5.
Preparing to unpack .../040-kded5_5.115.0-0ubuntu5_amd64.deb ...
Unpacking kded5 (5.115.0-0ubuntu5) ...
Selecting previously unselected package libkf5archive-data.
Preparing to unpack .../041-libkf5archive-data_5.115.0-0ubuntu5_all.deb ...
Unpacking libkf5archive-data (5.115.0-0ubuntu5) ...
Selecting previously unselected package libkf5archive5:amd64.
Preparing to unpack .../042-libkf5archive5_5.115.0-0ubuntu5_amd64.deb ...
Unpacking libkf5archive5:amd64 (5.115.0-0ubuntu5) ...
Selecting previously unselected package libkf5auth-data.
Preparing to unpack .../043-libkf5auth-data_5.115.0-0ubuntu5_all.deb ...
Unpacking libkf5auth-data (5.115.0-0ubuntu5) ...
Selecting previously unselected package libpolkit-qt5-1-1:amd64.
Preparing to unpack .../044-libpolkit-qt5-1-1_0.200.0-1build4_amd64.deb ...
Unpacking libpolkit-qt5-1-1:amd64 (0.200.0-1build4) ...
Selecting previously unselected package libkf5authcore5:amd64.
Preparing to unpack .../045-libkf5authcore5_5.115.0-0ubuntu5_amd64.deb ...
Unpacking libkf5authcore5:amd64 (5.115.0-0ubuntu5) ...
Selecting previously unselected package libkf5configwidgets-data.
Preparing to unpack .../046-libkf5configwidgets-data_5.115.0-0ubuntu5_all.deb ...
Unpacking libkf5configwidgets-data (5.115.0-0ubuntu5) ...
Selecting previously unselected package libkf5codecs-data.
Preparing to unpack .../047-libkf5codecs-data_5.115.0-0ubuntu5_all.deb ...
Unpacking libkf5codecs-data (5.115.0-0ubuntu5) ...
Selecting previously unselected package libkf5codecs5:amd64.
Preparing to unpack .../048-libkf5codecs5_5.115.0-0ubuntu5_amd64.deb ...
Unpacking libkf5codecs5:amd64 (5.115.0-0ubuntu5) ...
Selecting previously unselected package libkf5configgui5:amd64.
Preparing to unpack .../049-libkf5configgui5_5.115.0-0ubuntu5_amd64.deb ...
Unpacking libkf5configgui5:amd64 (5.115.0-0ubuntu5) ...
Selecting previously unselected package libkf5guiaddons-bin.
Preparing to unpack .../050-libkf5guiaddons-bin_5.115.0-0ubuntu5_amd64.deb ...
Unpacking libkf5guiaddons-bin (5.115.0-0ubuntu5) ...
Selecting previously unselected package libkf5guiaddons-data.
Preparing to unpack .../051-libkf5guiaddons-data_5.115.0-0ubuntu5_all.deb ...
Unpacking libkf5guiaddons-data (5.115.0-0ubuntu5) ...
Selecting previously unselected package libqt5waylandclient5:amd64.
Preparing to unpack .../052-libqt5waylandclient5_5.15.13-1_amd64.deb ...
Unpacking libqt5waylandclient5:amd64 (5.15.13-1) ...
Selecting previously unselected package libkf5guiaddons5:amd64.
Preparing to unpack .../053-libkf5guiaddons5_5.115.0-0ubuntu5_amd64.deb ...
Unpacking libkf5guiaddons5:amd64 (5.115.0-0ubuntu5) ...
Selecting previously unselected package libkf5widgetsaddons-data.
Preparing to unpack .../054-libkf5widgetsaddons-data_5.115.0-0ubuntu4_all.deb ...
Unpacking libkf5widgetsaddons-data (5.115.0-0ubuntu4) ...
Selecting previously unselected package libkf5widgetsaddons5:amd64.
Preparing to unpack .../055-libkf5widgetsaddons5_5.115.0-0ubuntu4_amd64.deb ...
Unpacking libkf5widgetsaddons5:amd64 (5.115.0-0ubuntu4) ...
Selecting previously unselected package libkf5configwidgets5:amd64.
Preparing to unpack .../056-libkf5configwidgets5_5.115.0-0ubuntu5_amd64.deb ...
Unpacking libkf5configwidgets5:amd64 (5.115.0-0ubuntu5) ...
Selecting previously unselected package libkf5doctools5:amd64.
Preparing to unpack .../057-libkf5doctools5_5.115.0-0ubuntu5_amd64.deb ...
Unpacking libkf5doctools5:amd64 (5.115.0-0ubuntu5) ...
Selecting previously unselected package libkf5itemviews-data.
Preparing to unpack .../058-libkf5itemviews-data_5.115.0-0ubuntu5_all.deb ...
Unpacking libkf5itemviews-data (5.115.0-0ubuntu5) ...
Selecting previously unselected package libkf5itemviews5:amd64.
Preparing to unpack .../059-libkf5itemviews5_5.115.0-0ubuntu5_amd64.deb ...
Unpacking libkf5itemviews5:amd64 (5.115.0-0ubuntu5) ...
Selecting previously unselected package libkf5kiocore5:amd64.
Preparing to unpack .../060-libkf5kiocore5_5.115.0-0ubuntu6_amd64.deb ...
Unpacking libkf5kiocore5:amd64 (5.115.0-0ubuntu6) ...
Selecting previously unselected package libkf5windowsystem-data.
Preparing to unpack .../061-libkf5windowsystem-data_5.115.0-0ubuntu4_all.deb ...
Unpacking libkf5windowsystem-data (5.115.0-0ubuntu4) ...
Selecting previously unselected package libxcb-res0:amd64.
Preparing to unpack .../062-libxcb-res0_1.15-1ubuntu2_amd64.deb ...
Unpacking libxcb-res0:amd64 (1.15-1ubuntu2) ...
Selecting previously unselected package libkf5windowsystem5:amd64.
Preparing to unpack .../063-libkf5windowsystem5_5.115.0-0ubuntu4_amd64.deb ...
Unpacking libkf5windowsystem5:amd64 (5.115.0-0ubuntu4) ...
Selecting previously unselected package libkf5kiogui5:amd64.
Preparing to unpack .../064-libkf5kiogui5_5.115.0-0ubuntu6_amd64.deb ...
Unpacking libkf5kiogui5:amd64 (5.115.0-0ubuntu6) ...
Selecting previously unselected package libkf5kiontlm5:amd64.
Preparing to unpack .../065-libkf5kiontlm5_5.115.0-0ubuntu6_amd64.deb ...
Unpacking libkf5kiontlm5:amd64 (5.115.0-0ubuntu6) ...
Selecting previously unselected package libkf5completion-data.
Preparing to unpack .../066-libkf5completion-data_5.115.0-0ubuntu5_all.deb ...
Unpacking libkf5completion-data (5.115.0-0ubuntu5) ...
Selecting previously unselected package libkf5completion5:amd64.
Preparing to unpack .../067-libkf5completion5_5.115.0-0ubuntu5_amd64.deb ...
Unpacking libkf5completion5:amd64 (5.115.0-0ubuntu5) ...
Selecting previously unselected package libkf5iconthemes-data.
Preparing to unpack .../068-libkf5iconthemes-data_5.115.0-0ubuntu6_all.deb ...
Unpacking libkf5iconthemes-data (5.115.0-0ubuntu6) ...
Selecting previously unselected package libqt5svg5:amd64.
Preparing to unpack .../069-libqt5svg5_5.15.13-1_amd64.deb ...
Unpacking libqt5svg5:amd64 (5.15.13-1) ...
Selecting previously unselected package libkf5iconthemes5:amd64.
Preparing to unpack .../070-libkf5iconthemes5_5.115.0-0ubuntu6_amd64.deb ...
Unpacking libkf5iconthemes5:amd64 (5.115.0-0ubuntu6) ...
Selecting previously unselected package libkf5jobwidgets-data.
Preparing to unpack .../071-libkf5jobwidgets-data_5.115.0-0ubuntu5_all.deb ...
Unpacking libkf5jobwidgets-data (5.115.0-0ubuntu5) ...
Selecting previously unselected package libkf5jobwidgets5:amd64.
Preparing to unpack .../072-libkf5jobwidgets5_5.115.0-0ubuntu5_amd64.deb ...
Unpacking libkf5jobwidgets5:amd64 (5.115.0-0ubuntu5) ...
Selecting previously unselected package libkf5solid5-data.
Preparing to unpack .../073-libkf5solid5-data_5.115.0-0ubuntu5_all.deb ...
Unpacking libkf5solid5-data (5.115.0-0ubuntu5) ...
Selecting previously unselected package libplist-2.0-4:amd64.
Preparing to unpack .../074-libplist-2.0-4_2.3.0-1~exp2build2_amd64.deb ...
Unpacking libplist-2.0-4:amd64 (2.3.0-1~exp2build2) ...
Selecting previously unselected package libusbmuxd6:amd64.
Preparing to unpack .../075-libusbmuxd6_2.0.2-4build3_amd64.deb ...
Unpacking libusbmuxd6:amd64 (2.0.2-4build3) ...
Selecting previously unselected package libimobiledevice6:amd64.
Preparing to unpack .../076-libimobiledevice6_1.3.0-8.1build3_amd64.deb ...
Unpacking libimobiledevice6:amd64 (1.3.0-8.1build3) ...
Selecting previously unselected package libkf5solid5:amd64.
Preparing to unpack .../077-libkf5solid5_5.115.0-0ubuntu5_amd64.deb ...
Unpacking libkf5solid5:amd64 (5.115.0-0ubuntu5) ...
Selecting previously unselected package libkf5kiowidgets5:amd64.
Preparing to unpack .../078-libkf5kiowidgets5_5.115.0-0ubuntu6_amd64.deb ...
Unpacking libkf5kiowidgets5:amd64 (5.115.0-0ubuntu6) ...
Selecting previously unselected package libkf5notifications-data.
Preparing to unpack .../079-libkf5notifications-data_5.115.0-0ubuntu6_all.deb ...
Unpacking libkf5notifications-data (5.115.0-0ubuntu6) ...
Selecting previously unselected package libdbusmenu-qt5-2:amd64.
Preparing to unpack .../080-libdbusmenu-qt5-2_0.9.3+16.04.20160218-2build3_amd64.deb ...
Unpacking libdbusmenu-qt5-2:amd64 (0.9.3+16.04.20160218-2build3) ...
Selecting previously unselected package libqt5texttospeech5:amd64.
Preparing to unpack .../081-libqt5texttospeech5_5.15.13-1_amd64.deb ...
Unpacking libqt5texttospeech5:amd64 (5.15.13-1) ...
Selecting previously unselected package libkf5notifications5:amd64.
Preparing to unpack .../082-libkf5notifications5_5.115.0-0ubuntu6_amd64.deb ...
Unpacking libkf5notifications5:amd64 (5.115.0-0ubuntu6) ...
Selecting previously unselected package libkf5textwidgets-data.
Preparing to unpack .../083-libkf5textwidgets-data_5.115.0-0ubuntu4_all.deb ...
Unpacking libkf5textwidgets-data (5.115.0-0ubuntu4) ...
Selecting previously unselected package libkf5sonnet5-data.
Preparing to unpack .../084-libkf5sonnet5-data_5.115.0-0ubuntu5_all.deb ...
Unpacking libkf5sonnet5-data (5.115.0-0ubuntu5) ...
Selecting previously unselected package libkf5sonnetcore5:amd64.
Preparing to unpack .../085-libkf5sonnetcore5_5.115.0-0ubuntu5_amd64.deb ...
Unpacking libkf5sonnetcore5:amd64 (5.115.0-0ubuntu5) ...
Selecting previously unselected package libkf5sonnetui5:amd64.
Preparing to unpack .../086-libkf5sonnetui5_5.115.0-0ubuntu5_amd64.deb ...
Unpacking libkf5sonnetui5:amd64 (5.115.0-0ubuntu5) ...
Selecting previously unselected package libkf5textwidgets5:amd64.
Preparing to unpack .../087-libkf5textwidgets5_5.115.0-0ubuntu4_amd64.deb ...
Unpacking libkf5textwidgets5:amd64 (5.115.0-0ubuntu4) ...
Selecting previously unselected package libkf5wallet-data.
Preparing to unpack .../088-libkf5wallet-data_5.115.0-0ubuntu3_all.deb ...
Unpacking libkf5wallet-data (5.115.0-0ubuntu3) ...
Selecting previously unselected package libgpgmepp6t64:amd64.
Preparing to unpack .../089-libgpgmepp6t64_1.18.0-4.1ubuntu4_amd64.deb ...
Unpacking libgpgmepp6t64:amd64 (1.18.0-4.1ubuntu4) ...
Selecting previously unselected package libkwalletbackend5-5:amd64.
Preparing to unpack .../090-libkwalletbackend5-5_5.115.0-0ubuntu3_amd64.deb ...
Unpacking libkwalletbackend5-5:amd64 (5.115.0-0ubuntu3) ...
Selecting previously unselected package libkf5wallet5:amd64.
Preparing to unpack .../091-libkf5wallet5_5.115.0-0ubuntu3_amd64.deb ...
Unpacking libkf5wallet5:amd64 (5.115.0-0ubuntu3) ...
Selecting previously unselected package libqca-qt5-2:amd64.
Preparing to unpack .../092-libqca-qt5-2_2.3.8-1build3_amd64.deb ...
Unpacking libqca-qt5-2:amd64 (2.3.8-1build3) ...
Selecting previously unselected package libkf5wallet-bin.
Preparing to unpack .../093-libkf5wallet-bin_5.115.0-0ubuntu3_amd64.deb ...
Unpacking libkf5wallet-bin (5.115.0-0ubuntu3) ...
Selecting previously unselected package kio.
Preparing to unpack .../094-kio_5.115.0-0ubuntu6_amd64.deb ...
Unpacking kio (5.115.0-0ubuntu6) ...
Selecting previously unselected package libkf5package-data.
Preparing to unpack .../095-libkf5package-data_5.115.0-0ubuntu5_all.deb ...
Unpacking libkf5package-data (5.115.0-0ubuntu5) ...
Selecting previously unselected package libkf5package5:amd64.
Preparing to unpack .../096-libkf5package5_5.115.0-0ubuntu5_amd64.deb ...
Unpacking libkf5package5:amd64 (5.115.0-0ubuntu5) ...
Selecting previously unselected package kpackagetool5.
Preparing to unpack .../097-kpackagetool5_5.115.0-0ubuntu5_amd64.deb ...
Unpacking kpackagetool5 (5.115.0-0ubuntu5) ...
Selecting previously unselected package libkf5configqml5:amd64.
Preparing to unpack .../098-libkf5configqml5_5.115.0-0ubuntu5_amd64.deb ...
Unpacking libkf5configqml5:amd64 (5.115.0-0ubuntu5) ...
Selecting previously unselected package libkf5declarative-data.
Preparing to unpack .../099-libkf5declarative-data_5.115.0-0ubuntu5_all.deb ...
Unpacking libkf5declarative-data (5.115.0-0ubuntu5) ...
Selecting previously unselected package libqt5qmlmodels5:amd64.
Preparing to unpack .../100-libqt5qmlmodels5_5.15.13+dfsg-1ubuntu0.1_amd64.deb ...
Unpacking libqt5qmlmodels5:amd64 (5.15.13+dfsg-1ubuntu0.1) ...
Selecting previously unselected package libqt5quick5:amd64.
Preparing to unpack .../101-libqt5quick5_5.15.13+dfsg-1ubuntu0.1_amd64.deb ...
Unpacking libqt5quick5:amd64 (5.15.13+dfsg-1ubuntu0.1) ...
Selecting previously unselected package libkf5declarative5:amd64.
Preparing to unpack .../102-libkf5declarative5_5.115.0-0ubuntu5_amd64.deb ...
Unpacking libkf5declarative5:amd64 (5.115.0-0ubuntu5) ...
Selecting previously unselected package libkf5globalaccel-data.
Preparing to unpack .../103-libkf5globalaccel-data_5.115.0-0ubuntu5_all.deb ...
Unpacking libkf5globalaccel-data (5.115.0-0ubuntu5) ...
Selecting previously unselected package libkf5globalaccel5:amd64.
Preparing to unpack .../104-libkf5globalaccel5_5.115.0-0ubuntu5_amd64.deb ...
Unpacking libkf5globalaccel5:amd64 (5.115.0-0ubuntu5) ...
Selecting previously unselected package libkf5globalaccelprivate5:amd64.
Preparing to unpack .../105-libkf5globalaccelprivate5_5.115.0-0ubuntu5_amd64.deb ...
Unpacking libkf5globalaccelprivate5:amd64 (5.115.0-0ubuntu5) ...
Selecting previously unselected package libxcb-record0:amd64.
Preparing to unpack .../106-libxcb-record0_1.15-1ubuntu2_amd64.deb ...
Unpacking libxcb-record0:amd64 (1.15-1ubuntu2) ...
Selecting previously unselected package libkf5globalaccel-bin.
Preparing to unpack .../107-libkf5globalaccel-bin_5.115.0-0ubuntu5_amd64.deb ...
Unpacking libkf5globalaccel-bin (5.115.0-0ubuntu5) ...
Selecting previously unselected package libkf5idletime5:amd64.
Preparing to unpack .../108-libkf5idletime5_5.115.0-0ubuntu5_amd64.deb ...
Unpacking libkf5idletime5:amd64 (5.115.0-0ubuntu5) ...
Selecting previously unselected package libkf5quickaddons5:amd64.
Preparing to unpack .../109-libkf5quickaddons5_5.115.0-0ubuntu5_amd64.deb ...
Unpacking libkf5quickaddons5:amd64 (5.115.0-0ubuntu5) ...
Selecting previously unselected package libkf5screen-data.
Preparing to unpack .../110-libkf5screen-data_4%3a5.27.11-0ubuntu2_all.deb ...
Unpacking libkf5screen-data (4:5.27.11-0ubuntu2) ...
Selecting previously unselected package libxcb-dpms0:amd64.
Preparing to unpack .../111-libxcb-dpms0_1.15-1ubuntu2_amd64.deb ...
Unpacking libxcb-dpms0:amd64 (1.15-1ubuntu2) ...
Selecting previously unselected package libkf5screendpms8:amd64.
Preparing to unpack .../112-libkf5screendpms8_4%3a5.27.11-0ubuntu2_amd64.deb ...
Unpacking libkf5screendpms8:amd64 (4:5.27.11-0ubuntu2) ...
Selecting previously unselected package kwayland-data.
Preparing to unpack .../113-kwayland-data_4%3a5.115.0-0ubuntu5_all.deb ...
Unpacking kwayland-data (4:5.115.0-0ubuntu5) ...
Selecting previously unselected package libkf5waylandclient5:amd64.
Preparing to unpack .../114-libkf5waylandclient5_4%3a5.115.0-0ubuntu5_amd64.deb ...
Unpacking libkf5waylandclient5:amd64 (4:5.115.0-0ubuntu5) ...
Selecting previously unselected package libkf5xmlgui-data.
Preparing to unpack .../115-libkf5xmlgui-data_5.115.0-0ubuntu5_all.deb ...
Unpacking libkf5xmlgui-data (5.115.0-0ubuntu5) ...
Selecting previously unselected package libqt5printsupport5t64:amd64.
Preparing to unpack .../116-libqt5printsupport5t64_5.15.13+dfsg-1ubuntu1_amd64.deb ...
Unpacking libqt5printsupport5t64:amd64 (5.15.13+dfsg-1ubuntu1) ...
Selecting previously unselected package libkf5xmlgui5:amd64.
Preparing to unpack .../117-libkf5xmlgui5_5.115.0-0ubuntu5_amd64.deb ...
Unpacking libkf5xmlgui5:amd64 (5.115.0-0ubuntu5) ...
Selecting previously unselected package liblayershellqtinterface5.
Preparing to unpack .../118-liblayershellqtinterface5_5.27.11-0ubuntu3_amd64.deb ...
Unpacking liblayershellqtinterface5 (5.27.11-0ubuntu3) ...
Selecting previously unselected package libwayland-server0:amd64.
Preparing to unpack .../119-libwayland-server0_1.22.0-2.1build1_amd64.deb ...
Unpacking libwayland-server0:amd64 (1.22.0-2.1build1) ...
Selecting previously unselected package libkscreenlocker5:amd64.
Preparing to unpack .../120-libkscreenlocker5_5.27.11-0ubuntu2_amd64.deb ...
Unpacking libkscreenlocker5:amd64 (5.27.11-0ubuntu2) ...
Selecting previously unselected package qml-module-qtquick-window2:amd64.
Preparing to unpack .../121-qml-module-qtquick-window2_5.15.13+dfsg-1ubuntu0.1_amd64.deb ...
Unpacking qml-module-qtquick-window2:amd64 (5.15.13+dfsg-1ubuntu0.1) ...
Selecting previously unselected package libqt5qmlworkerscript5:amd64.
Preparing to unpack .../122-libqt5qmlworkerscript5_5.15.13+dfsg-1ubuntu0.1_amd64.deb ...
Unpacking libqt5qmlworkerscript5:amd64 (5.15.13+dfsg-1ubuntu0.1) ...
Selecting previously unselected package qml-module-qtquick2:amd64.
Preparing to unpack .../123-qml-module-qtquick2_5.15.13+dfsg-1ubuntu0.1_amd64.deb ...
Unpacking qml-module-qtquick2:amd64 (5.15.13+dfsg-1ubuntu0.1) ...
Selecting previously unselected package qml-module-qtgraphicaleffects:amd64.
Preparing to unpack .../124-qml-module-qtgraphicaleffects_5.15.13-1_amd64.deb ...
Unpacking qml-module-qtgraphicaleffects:amd64 (5.15.13-1) ...
Selecting previously unselected package qml-module-qtqml:amd64.
Preparing to unpack .../125-qml-module-qtqml_5.15.13+dfsg-1ubuntu0.1_amd64.deb ...
Unpacking qml-module-qtqml:amd64 (5.15.13+dfsg-1ubuntu0.1) ...
Selecting previously unselected package qml-module-qtqml-models2:amd64.
Preparing to unpack .../126-qml-module-qtqml-models2_5.15.13+dfsg-1ubuntu0.1_amd64.deb ...
Unpacking qml-module-qtqml-models2:amd64 (5.15.13+dfsg-1ubuntu0.1) ...
Selecting previously unselected package qml-module-qtquick-layouts:amd64.
Preparing to unpack .../127-qml-module-qtquick-layouts_5.15.13+dfsg-1ubuntu0.1_amd64.deb ...
Unpacking qml-module-qtquick-layouts:amd64 (5.15.13+dfsg-1ubuntu0.1) ...
Selecting previously unselected package qml-module-qtquick-controls:amd64.
Preparing to unpack .../128-qml-module-qtquick-controls_5.15.13-1_amd64.deb ...
Unpacking qml-module-qtquick-controls:amd64 (5.15.13-1) ...
Selecting previously unselected package tk8.6-blt2.5.
Preparing to unpack .../129-tk8.6-blt2.5_2.5.3+dfsg-7build1_amd64.deb ...
Unpacking tk8.6-blt2.5 (2.5.3+dfsg-7build1) ...
Selecting previously unselected package blt.
Preparing to unpack .../130-blt_2.5.3+dfsg-7build1_amd64.deb ...
Unpacking blt (2.5.3+dfsg-7build1) ...
Selecting previously unselected package dbus-x11.
Preparing to unpack .../131-dbus-x11_1.14.10-4ubuntu4.1_amd64.deb ...
Unpacking dbus-x11 (1.14.10-4ubuntu4.1) ...
Selecting previously unselected package libkf5syntaxhighlighting-data.
Preparing to unpack .../132-libkf5syntaxhighlighting-data_5.115.0-0ubuntu3_all.deb ...
Unpacking libkf5syntaxhighlighting-data (5.115.0-0ubuntu3) ...
Selecting previously unselected package libkf5syntaxhighlighting5:amd64.
Preparing to unpack .../133-libkf5syntaxhighlighting5_5.115.0-0ubuntu3_amd64.deb ...
Unpacking libkf5syntaxhighlighting5:amd64 (5.115.0-0ubuntu3) ...
Selecting previously unselected package qml-module-org-kde-syntaxhighlighting:amd64.
Preparing to unpack .../134-qml-module-org-kde-syntaxhighlighting_5.115.0-0ubuntu3_amd64.deb ...
Unpacking qml-module-org-kde-syntaxhighlighting:amd64 (5.115.0-0ubuntu3) ...
Selecting previously unselected package libkuserfeedback-l10n.
Preparing to unpack .../135-libkuserfeedback-l10n_1.3.0-3build3_all.deb ...
Unpacking libkuserfeedback-l10n (1.3.0-3build3) ...
Selecting previously unselected package libkuserfeedbackcore1:amd64.
Preparing to unpack .../136-libkuserfeedbackcore1_1.3.0-3build3_amd64.deb ...
Unpacking libkuserfeedbackcore1:amd64 (1.3.0-3build3) ...
Selecting previously unselected package drkonqi.
Preparing to unpack .../137-drkonqi_5.27.11-0ubuntu3_amd64.deb ...
Unpacking drkonqi (5.27.11-0ubuntu3) ...
Selecting previously unselected package libva2:amd64.
Preparing to unpack .../138-libva2_2.20.0-2ubuntu0.2_amd64.deb ...
Unpacking libva2:amd64 (2.20.0-2ubuntu0.2) ...
Selecting previously unselected package libva-drm2:amd64.
Preparing to unpack .../139-libva-drm2_2.20.0-2ubuntu0.2_amd64.deb ...
Unpacking libva-drm2:amd64 (2.20.0-2ubuntu0.2) ...
Selecting previously unselected package libva-x11-2:amd64.
Preparing to unpack .../140-libva-x11-2_2.20.0-2ubuntu0.2_amd64.deb ...
Unpacking libva-x11-2:amd64 (2.20.0-2ubuntu0.2) ...
Selecting previously unselected package libvdpau1:amd64.
Preparing to unpack .../141-libvdpau1_1.5-2build1_amd64.deb ...
Unpacking libvdpau1:amd64 (1.5-2build1) ...
Selecting previously unselected package libvpl2.
Preparing to unpack .../142-libvpl2_2023.3.0-1build1_amd64.deb ...
Unpacking libvpl2 (2023.3.0-1build1) ...
Selecting previously unselected package ocl-icd-libopencl1:amd64.
Preparing to unpack .../143-ocl-icd-libopencl1_2.3.2-1build1_amd64.deb ...
Unpacking ocl-icd-libopencl1:amd64 (2.3.2-1build1) ...
Selecting previously unselected package libavutil58:amd64.
Preparing to unpack .../144-libavutil58_7%3a6.1.1-3ubuntu5_amd64.deb ...
Unpacking libavutil58:amd64 (7:6.1.1-3ubuntu5) ...
Selecting previously unselected package libcodec2-1.2:amd64.
Preparing to unpack .../145-libcodec2-1.2_1.2.0-2build1_amd64.deb ...
Unpacking libcodec2-1.2:amd64 (1.2.0-2build1) ...
Selecting previously unselected package libdav1d7:amd64.
Preparing to unpack .../146-libdav1d7_1.4.1-1build1_amd64.deb ...
Unpacking libdav1d7:amd64 (1.4.1-1build1) ...
Selecting previously unselected package libgsm1:amd64.
Preparing to unpack .../147-libgsm1_1.0.22-1build1_amd64.deb ...
Unpacking libgsm1:amd64 (1.0.22-1build1) ...
Selecting previously unselected package libhwy1t64:amd64.
Preparing to unpack .../148-libhwy1t64_1.0.7-8.1build1_amd64.deb ...
Unpacking libhwy1t64:amd64 (1.0.7-8.1build1) ...
Selecting previously unselected package libjxl0.7:amd64.
Preparing to unpack .../149-libjxl0.7_0.7.0-10.2ubuntu6.1_amd64.deb ...
Unpacking libjxl0.7:amd64 (0.7.0-10.2ubuntu6.1) ...
Selecting previously unselected package libmp3lame0:amd64.
Preparing to unpack .../150-libmp3lame0_3.100-6build1_amd64.deb ...
Unpacking libmp3lame0:amd64 (3.100-6build1) ...
Selecting previously unselected package libopus0:amd64.
Preparing to unpack .../151-libopus0_1.4-1build1_amd64.deb ...
Unpacking libopus0:amd64 (1.4-1build1) ...
Selecting previously unselected package librav1e0:amd64.
Preparing to unpack .../152-librav1e0_0.7.1-2_amd64.deb ...
Unpacking librav1e0:amd64 (0.7.1-2) ...
Selecting previously unselected package librsvg2-2:amd64.
Preparing to unpack .../153-librsvg2-2_2.58.0+dfsg-1build1_amd64.deb ...
Unpacking librsvg2-2:amd64 (2.58.0+dfsg-1build1) ...
Selecting previously unselected package libshine3:amd64.
Preparing to unpack .../154-libshine3_3.1.1-2build1_amd64.deb ...
Unpacking libshine3:amd64 (3.1.1-2build1) ...
Selecting previously unselected package libspeex1:amd64.
Preparing to unpack .../155-libspeex1_1.2.1-2ubuntu2.24.04.1_amd64.deb ...
Unpacking libspeex1:amd64 (1.2.1-2ubuntu2.24.04.1) ...
Selecting previously unselected package libsvtav1enc1d1:amd64.
Preparing to unpack .../156-libsvtav1enc1d1_1.7.0+dfsg-2build1_amd64.deb ...
Unpacking libsvtav1enc1d1:amd64 (1.7.0+dfsg-2build1) ...
Selecting previously unselected package libsoxr0:amd64.
Preparing to unpack .../157-libsoxr0_0.1.3-4build3_amd64.deb ...
Unpacking libsoxr0:amd64 (0.1.3-4build3) ...
Selecting previously unselected package libswresample4:amd64.
Preparing to unpack .../158-libswresample4_7%3a6.1.1-3ubuntu5_amd64.deb ...
Unpacking libswresample4:amd64 (7:6.1.1-3ubuntu5) ...
Selecting previously unselected package libtheora0:amd64.
Preparing to unpack .../159-libtheora0_1.1.1+dfsg.1-16.1build3_amd64.deb ...
Unpacking libtheora0:amd64 (1.1.1+dfsg.1-16.1build3) ...
Selecting previously unselected package libtwolame0:amd64.
Preparing to unpack .../160-libtwolame0_0.4.0-2build3_amd64.deb ...
Unpacking libtwolame0:amd64 (0.4.0-2build3) ...
Selecting previously unselected package libvorbisenc2:amd64.
Preparing to unpack .../161-libvorbisenc2_1.3.7-1build3_amd64.deb ...
Unpacking libvorbisenc2:amd64 (1.3.7-1build3) ...
Selecting previously unselected package libvpx9:amd64.
Preparing to unpack .../162-libvpx9_1.14.0-1ubuntu2.3_amd64.deb ...
Unpacking libvpx9:amd64 (1.14.0-1ubuntu2.3) ...
Selecting previously unselected package libx264-164:amd64.
Preparing to unpack .../163-libx264-164_2%3a0.164.3108+git31e19f9-1_amd64.deb ...
Unpacking libx264-164:amd64 (2:0.164.3108+git31e19f9-1) ...
Selecting previously unselected package libx265-199:amd64.
Preparing to unpack .../164-libx265-199_3.5-2build1_amd64.deb ...
Unpacking libx265-199:amd64 (3.5-2build1) ...
Selecting previously unselected package libxvidcore4:amd64.
Preparing to unpack .../165-libxvidcore4_2%3a1.3.7-1build1_amd64.deb ...
Unpacking libxvidcore4:amd64 (2:1.3.7-1build1) ...
Selecting previously unselected package libzvbi-common.
Preparing to unpack .../166-libzvbi-common_0.2.42-2_all.deb ...
Unpacking libzvbi-common (0.2.42-2) ...
Selecting previously unselected package libzvbi0t64:amd64.
Preparing to unpack .../167-libzvbi0t64_0.2.42-2_amd64.deb ...
Unpacking libzvbi0t64:amd64 (0.2.42-2) ...
Selecting previously unselected package libavcodec60:amd64.
Preparing to unpack .../168-libavcodec60_7%3a6.1.1-3ubuntu5_amd64.deb ...
Unpacking libavcodec60:amd64 (7:6.1.1-3ubuntu5) ...
Selecting previously unselected package libraw1394-11:amd64.
Preparing to unpack .../169-libraw1394-11_2.1.2-2build3_amd64.deb ...
Unpacking libraw1394-11:amd64 (2.1.2-2build3) ...
Selecting previously unselected package libavc1394-0:amd64.
Preparing to unpack .../170-libavc1394-0_0.5.4-5build3_amd64.deb ...
Unpacking libavc1394-0:amd64 (0.5.4-5build3) ...
Selecting previously unselected package libunibreak5:amd64.
Preparing to unpack .../171-libunibreak5_5.1-2build1_amd64.deb ...
Unpacking libunibreak5:amd64 (5.1-2build1) ...
Selecting previously unselected package libass9:amd64.
Preparing to unpack .../172-libass9_1%3a0.17.1-2build1_amd64.deb ...
Unpacking libass9:amd64 (1:0.17.1-2build1) ...
Selecting previously unselected package libudfread0:amd64.
Preparing to unpack .../173-libudfread0_1.1.2-1build1_amd64.deb ...
Unpacking libudfread0:amd64 (1.1.2-1build1) ...
Selecting previously unselected package libbluray2:amd64.
Preparing to unpack .../174-libbluray2_1%3a1.3.4-1build1_amd64.deb ...
Unpacking libbluray2:amd64 (1:1.3.4-1build1) ...
Selecting previously unselected package libchromaprint1:amd64.
Preparing to unpack .../175-libchromaprint1_1.5.1-5_amd64.deb ...
Unpacking libchromaprint1:amd64 (1.5.1-5) ...
Selecting previously unselected package libgme0:amd64.
Preparing to unpack .../176-libgme0_0.6.3-7build1_amd64.deb ...
Unpacking libgme0:amd64 (0.6.3-7build1) ...
Selecting previously unselected package libmpg123-0t64:amd64.
Preparing to unpack .../177-libmpg123-0t64_1.32.5-1ubuntu1.1_amd64.deb ...
Unpacking libmpg123-0t64:amd64 (1.32.5-1ubuntu1.1) ...
Selecting previously unselected package libopenmpt0t64:amd64.
Preparing to unpack .../178-libopenmpt0t64_0.7.3-1.1build3_amd64.deb ...
Unpacking libopenmpt0t64:amd64 (0.7.3-1.1build3) ...
Selecting previously unselected package libcjson1:amd64.
Preparing to unpack .../179-libcjson1_1.7.17-1_amd64.deb ...
Unpacking libcjson1:amd64 (1.7.17-1) ...
Selecting previously unselected package libmbedcrypto7t64:amd64.
Preparing to unpack .../180-libmbedcrypto7t64_2.28.8-1_amd64.deb ...
Unpacking libmbedcrypto7t64:amd64 (2.28.8-1) ...
Selecting previously unselected package librist4:amd64.
Preparing to unpack .../181-librist4_0.2.10+dfsg-2_amd64.deb ...
Unpacking librist4:amd64 (0.2.10+dfsg-2) ...
Selecting previously unselected package libsrt1.5-gnutls:amd64.
Preparing to unpack .../182-libsrt1.5-gnutls_1.5.3-1build2_amd64.deb ...
Unpacking libsrt1.5-gnutls:amd64 (1.5.3-1build2) ...
Selecting previously unselected package libssh-gcrypt-4:amd64.
Preparing to unpack .../183-libssh-gcrypt-4_0.10.6-2ubuntu0.4_amd64.deb ...
Unpacking libssh-gcrypt-4:amd64 (0.10.6-2ubuntu0.4) ...
Selecting previously unselected package libavformat60:amd64.
Preparing to unpack .../184-libavformat60_7%3a6.1.1-3ubuntu5_amd64.deb ...
Unpacking libavformat60:amd64 (7:6.1.1-3ubuntu5) ...
Selecting previously unselected package libbs2b0:amd64.
Preparing to unpack .../185-libbs2b0_3.1.0+dfsg-7build1_amd64.deb ...
Unpacking libbs2b0:amd64 (3.1.0+dfsg-7build1) ...
Selecting previously unselected package libflite1:amd64.
Preparing to unpack .../186-libflite1_2.2-6build3_amd64.deb ...
Unpacking libflite1:amd64 (2.2-6build3) ...
Selecting previously unselected package libserd-0-0:amd64.
Preparing to unpack .../187-libserd-0-0_0.32.2-1_amd64.deb ...
Unpacking libserd-0-0:amd64 (0.32.2-1) ...
Selecting previously unselected package libzix-0-0:amd64.
Preparing to unpack .../188-libzix-0-0_0.4.2-2build1_amd64.deb ...
Unpacking libzix-0-0:amd64 (0.4.2-2build1) ...
Selecting previously unselected package libsord-0-0:amd64.
Preparing to unpack .../189-libsord-0-0_0.16.16-2build1_amd64.deb ...
Unpacking libsord-0-0:amd64 (0.16.16-2build1) ...
Selecting previously unselected package libsratom-0-0:amd64.
Preparing to unpack .../190-libsratom-0-0_0.6.16-1build1_amd64.deb ...
Unpacking libsratom-0-0:amd64 (0.6.16-1build1) ...
Selecting previously unselected package liblilv-0-0:amd64.
Preparing to unpack .../191-liblilv-0-0_0.24.22-1build1_amd64.deb ...
Unpacking liblilv-0-0:amd64 (0.24.22-1build1) ...
Selecting previously unselected package libmysofa1:amd64.
Preparing to unpack .../192-libmysofa1_1.3.2+dfsg-2ubuntu2_amd64.deb ...
Unpacking libmysofa1:amd64 (1.3.2+dfsg-2ubuntu2) ...
Selecting previously unselected package libplacebo338:amd64.
Preparing to unpack .../193-libplacebo338_6.338.2-2build1_amd64.deb ...
Unpacking libplacebo338:amd64 (6.338.2-2build1) ...
Selecting previously unselected package libblas3:amd64.
Preparing to unpack .../194-libblas3_3.12.0-3build1.1_amd64.deb ...
Unpacking libblas3:amd64 (3.12.0-3build1.1) ...
Selecting previously unselected package liblapack3:amd64.
Preparing to unpack .../195-liblapack3_3.12.0-3build1.1_amd64.deb ...
Unpacking liblapack3:amd64 (3.12.0-3build1.1) ...
Selecting previously unselected package libasyncns0:amd64.
Preparing to unpack .../196-libasyncns0_0.8-6build4_amd64.deb ...
Unpacking libasyncns0:amd64 (0.8-6build4) ...
Selecting previously unselected package libflac12t64:amd64.
Preparing to unpack .../197-libflac12t64_1.4.3+ds-2.1ubuntu2_amd64.deb ...
Unpacking libflac12t64:amd64 (1.4.3+ds-2.1ubuntu2) ...
Selecting previously unselected package libsndfile1:amd64.
Preparing to unpack .../198-libsndfile1_1.2.2-1ubuntu5.24.04.1_amd64.deb ...
Unpacking libsndfile1:amd64 (1.2.2-1ubuntu5.24.04.1) ...
Selecting previously unselected package libpulse0:amd64.
Preparing to unpack .../199-libpulse0_1%3a16.1+dfsg1-2ubuntu10.1_amd64.deb ...
Unpacking libpulse0:amd64 (1:16.1+dfsg1-2ubuntu10.1) ...
Selecting previously unselected package libsphinxbase3t64:amd64.
Preparing to unpack .../200-libsphinxbase3t64_0.8+5prealpha+1-17build2_amd64.deb ...
Unpacking libsphinxbase3t64:amd64 (0.8+5prealpha+1-17build2) ...
Selecting previously unselected package libpocketsphinx3:amd64.
Preparing to unpack .../201-libpocketsphinx3_0.8.0+real5prealpha+1-15ubuntu5_amd64.deb ...
Unpacking libpocketsphinx3:amd64 (0.8.0+real5prealpha+1-15ubuntu5) ...
Selecting previously unselected package libpostproc57:amd64.
Preparing to unpack .../202-libpostproc57_7%3a6.1.1-3ubuntu5_amd64.deb ...
Unpacking libpostproc57:amd64 (7:6.1.1-3ubuntu5) ...
Selecting previously unselected package libsamplerate0:amd64.
Preparing to unpack .../203-libsamplerate0_0.2.2-4build1_amd64.deb ...
Unpacking libsamplerate0:amd64 (0.2.2-4build1) ...
Selecting previously unselected package librubberband2:amd64.
Preparing to unpack .../204-librubberband2_3.3.0+dfsg-2build1_amd64.deb ...
Unpacking librubberband2:amd64 (3.3.0+dfsg-2build1) ...
Selecting previously unselected package libswscale7:amd64.
Preparing to unpack .../205-libswscale7_7%3a6.1.1-3ubuntu5_amd64.deb ...
Unpacking libswscale7:amd64 (7:6.1.1-3ubuntu5) ...
Selecting previously unselected package libvidstab1.1:amd64.
Preparing to unpack .../206-libvidstab1.1_1.1.0-2build1_amd64.deb ...
Unpacking libvidstab1.1:amd64 (1.1.0-2build1) ...
Selecting previously unselected package libzimg2:amd64.
Preparing to unpack .../207-libzimg2_3.0.5+ds1-1build1_amd64.deb ...
Unpacking libzimg2:amd64 (3.0.5+ds1-1build1) ...
Selecting previously unselected package libavfilter9:amd64.
Preparing to unpack .../208-libavfilter9_7%3a6.1.1-3ubuntu5_amd64.deb ...
Unpacking libavfilter9:amd64 (7:6.1.1-3ubuntu5) ...
Selecting previously unselected package libcaca0:amd64.
Preparing to unpack .../209-libcaca0_0.99.beta20-4ubuntu0.2_amd64.deb ...
Unpacking libcaca0:amd64 (0.99.beta20-4ubuntu0.2) ...
Selecting previously unselected package libcdio19t64:amd64.
Preparing to unpack .../210-libcdio19t64_2.1.0-4.1ubuntu1.2_amd64.deb ...
Unpacking libcdio19t64:amd64 (2.1.0-4.1ubuntu1.2) ...
Selecting previously unselected package libcdio-cdda2t64:amd64.
Preparing to unpack .../211-libcdio-cdda2t64_10.2+2.0.1-1.1build2_amd64.deb ...
Unpacking libcdio-cdda2t64:amd64 (10.2+2.0.1-1.1build2) ...
Selecting previously unselected package libcdio-paranoia2t64:amd64.
Preparing to unpack .../212-libcdio-paranoia2t64_10.2+2.0.1-1.1build2_amd64.deb ...
Unpacking libcdio-paranoia2t64:amd64 (10.2+2.0.1-1.1build2) ...
Selecting previously unselected package libdc1394-25:amd64.
Preparing to unpack .../213-libdc1394-25_2.2.6-4build1_amd64.deb ...
Unpacking libdc1394-25:amd64 (2.2.6-4build1) ...
Selecting previously unselected package libiec61883-0:amd64.
Preparing to unpack .../214-libiec61883-0_1.2.0-6build1_amd64.deb ...
Unpacking libiec61883-0:amd64 (1.2.0-6build1) ...
Selecting previously unselected package libjack-jackd2-0:amd64.
Preparing to unpack .../215-libjack-jackd2-0_1.9.21~dfsg-3ubuntu3_amd64.deb ...
Unpacking libjack-jackd2-0:amd64 (1.9.21~dfsg-3ubuntu3) ...
Selecting previously unselected package libopenal-data.
Preparing to unpack .../216-libopenal-data_1%3a1.23.1-4build1_all.deb ...
Unpacking libopenal-data (1:1.23.1-4build1) ...
Selecting previously unselected package libsndio7.0:amd64.
Preparing to unpack .../217-libsndio7.0_1.9.0-0.3build3_amd64.deb ...
Unpacking libsndio7.0:amd64 (1.9.0-0.3build3) ...
Selecting previously unselected package libopenal1:amd64.
Preparing to unpack .../218-libopenal1_1%3a1.23.1-4build1_amd64.deb ...
Unpacking libopenal1:amd64 (1:1.23.1-4build1) ...
Selecting previously unselected package libdecor-0-0:amd64.
Preparing to unpack .../219-libdecor-0-0_0.2.2-1build2_amd64.deb ...
Unpacking libdecor-0-0:amd64 (0.2.2-1build2) ...
Selecting previously unselected package libsdl2-2.0-0:amd64.
Preparing to unpack .../220-libsdl2-2.0-0_2.30.0+dfsg-1ubuntu3.1_amd64.deb ...
Unpacking libsdl2-2.0-0:amd64 (2.30.0+dfsg-1ubuntu3.1) ...
Selecting previously unselected package libxv1:amd64.
Preparing to unpack .../221-libxv1_2%3a1.0.11-1.1build1_amd64.deb ...
Unpacking libxv1:amd64 (2:1.0.11-1.1build1) ...
Selecting previously unselected package libavdevice60:amd64.
Preparing to unpack .../222-libavdevice60_7%3a6.1.1-3ubuntu5_amd64.deb ...
Unpacking libavdevice60:amd64 (7:6.1.1-3ubuntu5) ...
Selecting previously unselected package ffmpeg.
Preparing to unpack .../223-ffmpeg_7%3a6.1.1-3ubuntu5_amd64.deb ...
Unpacking ffmpeg (7:6.1.1-3ubuntu5) ...
Selecting previously unselected package libappstreamqt5-3:amd64.
Preparing to unpack .../224-libappstreamqt5-3_1.0.2-1build6_amd64.deb ...
Unpacking libappstreamqt5-3:amd64 (1.0.2-1build6) ...
Selecting previously unselected package libkf5attica5:amd64.
Preparing to unpack .../225-libkf5attica5_5.115.0-0ubuntu5_amd64.deb ...
Unpacking libkf5attica5:amd64 (5.115.0-0ubuntu5) ...
Selecting previously unselected package libkf5syndication5abi1:amd64.
Preparing to unpack .../226-libkf5syndication5abi1_1%3a5.115.0-0ubuntu5_amd64.deb ...
Unpacking libkf5syndication5abi1:amd64 (1:5.115.0-0ubuntu5) ...
Selecting previously unselected package libkf5newstuffcore5:amd64.
Preparing to unpack .../227-libkf5newstuffcore5_5.115.0-0ubuntu5_amd64.deb ...
Unpacking libkf5newstuffcore5:amd64 (5.115.0-0ubuntu5) ...
Selecting previously unselected package libpackagekitqt5-1:amd64.
Preparing to unpack .../228-libpackagekitqt5-1_1.1.1-1build3_amd64.deb ...
Unpacking libpackagekitqt5-1:amd64 (1.1.1-1build3) ...
Selecting previously unselected package frameworkintegration.
Preparing to unpack .../229-frameworkintegration_5.115.0-0ubuntu7_amd64.deb ...
Unpacking frameworkintegration (5.115.0-0ubuntu7) ...
Selecting previously unselected package libbabeltrace1:amd64.
Preparing to unpack .../230-libbabeltrace1_1.5.11-3build3_amd64.deb ...
Unpacking libbabeltrace1:amd64 (1.5.11-3build3) ...
Selecting previously unselected package libdebuginfod1t64:amd64.
Preparing to unpack .../231-libdebuginfod1t64_0.190-1.1ubuntu0.1_amd64.deb ...
Unpacking libdebuginfod1t64:amd64 (0.190-1.1ubuntu0.1) ...
Selecting previously unselected package libipt2.
Preparing to unpack .../232-libipt2_2.0.6-1build1_amd64.deb ...
Unpacking libipt2 (2.0.6-1build1) ...
Selecting previously unselected package libsource-highlight-common.
Preparing to unpack .../233-libsource-highlight-common_3.1.9-4.3build1_all.deb ...
Unpacking libsource-highlight-common (3.1.9-4.3build1) ...
Selecting previously unselected package libsource-highlight4t64:amd64.
Preparing to unpack .../234-libsource-highlight4t64_3.1.9-4.3build1_amd64.deb ...
Unpacking libsource-highlight4t64:amd64 (3.1.9-4.3build1) ...
Selecting previously unselected package gdb.
Preparing to unpack .../235-gdb_15.1-1ubuntu1~24.04.1_amd64.deb ...
Unpacking gdb (15.1-1ubuntu1~24.04.1) ...
Selecting previously unselected package libqt5sql5t64:amd64.
Preparing to unpack .../236-libqt5sql5t64_5.15.13+dfsg-1ubuntu1_amd64.deb ...
Unpacking libqt5sql5t64:amd64 (5.15.13+dfsg-1ubuntu1) ...
Selecting previously unselected package libqt5sql5-sqlite:amd64.
Preparing to unpack .../237-libqt5sql5-sqlite_5.15.13+dfsg-1ubuntu1_amd64.deb ...
Unpacking libqt5sql5-sqlite:amd64 (5.15.13+dfsg-1ubuntu1) ...
Selecting previously unselected package kactivitymanagerd.
Preparing to unpack .../238-kactivitymanagerd_5.27.11-0ubuntu3_amd64.deb ...
Unpacking kactivitymanagerd (5.27.11-0ubuntu3) ...
Selecting previously unselected package kinit.
Preparing to unpack .../239-kinit_5.115.0-0ubuntu6_amd64.deb ...
Unpacking kinit (5.115.0-0ubuntu6) ...
Selecting previously unselected package ktexteditor-data.
Preparing to unpack .../240-ktexteditor-data_5.115.0-0ubuntu4_all.deb ...
Unpacking ktexteditor-data (5.115.0-0ubuntu4) ...
Selecting previously unselected package kwin-data.
Preparing to unpack .../241-kwin-data_4%3a5.27.11-0ubuntu3_all.deb ...
Unpacking kwin-data (4:5.27.11-0ubuntu3) ...
Selecting previously unselected package qml-module-org-kde-kcmutils:amd64.
Preparing to unpack .../242-qml-module-org-kde-kcmutils_5.115.0-0ubuntu5_amd64.deb ...
Unpacking qml-module-org-kde-kcmutils:amd64 (5.115.0-0ubuntu5) ...
Selecting previously unselected package libqt5quicktemplates2-5:amd64.
Preparing to unpack .../243-libqt5quicktemplates2-5_5.15.13+dfsg-1_amd64.deb ...
Unpacking libqt5quicktemplates2-5:amd64 (5.15.13+dfsg-1) ...
Selecting previously unselected package libqt5quickcontrols2-5:amd64.
Preparing to unpack .../244-libqt5quickcontrols2-5_5.15.13+dfsg-1_amd64.deb ...
Unpacking libqt5quickcontrols2-5:amd64 (5.15.13+dfsg-1) ...
Selecting previously unselected package libkf5kirigami2-5.
Preparing to unpack .../245-libkf5kirigami2-5_5.115.0-0ubuntu6_amd64.deb ...
Unpacking libkf5kirigami2-5 (5.115.0-0ubuntu6) ...
Selecting previously unselected package qml-module-org-kde-kquickcontrolsaddons:amd64.
Preparing to unpack .../246-qml-module-org-kde-kquickcontrolsaddons_5.115.0-0ubuntu5_amd64.deb ...
Unpacking qml-module-org-kde-kquickcontrolsaddons:amd64 (5.115.0-0ubuntu5) ...
Selecting previously unselected package qml-module-qtquick-templates2:amd64.
Preparing to unpack .../247-qml-module-qtquick-templates2_5.15.13+dfsg-1_amd64.deb ...
Unpacking qml-module-qtquick-templates2:amd64 (5.15.13+dfsg-1) ...
Selecting previously unselected package qml-module-qtquick-controls2:amd64.
Preparing to unpack .../248-qml-module-qtquick-controls2_5.15.13+dfsg-1_amd64.deb ...
Unpacking qml-module-qtquick-controls2:amd64 (5.15.13+dfsg-1) ...
Selecting previously unselected package qml-module-org-kde-kirigami2.
Preparing to unpack .../249-qml-module-org-kde-kirigami2_5.115.0-0ubuntu6_amd64.deb ...
Unpacking qml-module-org-kde-kirigami2 (5.115.0-0ubuntu6) ...
Selecting previously unselected package libkf5itemmodels5:amd64.
Preparing to unpack .../250-libkf5itemmodels5_5.115.0-0ubuntu5_amd64.deb ...
Unpacking libkf5itemmodels5:amd64 (5.115.0-0ubuntu5) ...
Selecting previously unselected package qml-module-org-kde-kitemmodels:amd64.
Preparing to unpack .../251-qml-module-org-kde-kitemmodels_5.115.0-0ubuntu5_amd64.deb ...
Unpacking qml-module-org-kde-kitemmodels:amd64 (5.115.0-0ubuntu5) ...
Selecting previously unselected package libqt5multimedia5:amd64.
Preparing to unpack .../252-libqt5multimedia5_5.15.13-1_amd64.deb ...
Unpacking libqt5multimedia5:amd64 (5.15.13-1) ...
Selecting previously unselected package libqt5multimediaquick5:amd64.
Preparing to unpack .../253-libqt5multimediaquick5_5.15.13-1_amd64.deb ...
Unpacking libqt5multimediaquick5:amd64 (5.15.13-1) ...
Selecting previously unselected package qml-module-qtmultimedia:amd64.
Preparing to unpack .../254-qml-module-qtmultimedia_5.15.13-1_amd64.deb ...
Unpacking qml-module-qtmultimedia:amd64 (5.15.13-1) ...
Selecting previously unselected package libkdecorations2private10:amd64.
Preparing to unpack .../255-libkdecorations2private10_4%3a5.27.11-0ubuntu2_amd64.deb ...
Unpacking libkdecorations2private10:amd64 (4:5.27.11-0ubuntu2) ...
Selecting previously unselected package libkdecorations2-5v5:amd64.
Preparing to unpack .../256-libkdecorations2-5v5_4%3a5.27.11-0ubuntu2_amd64.deb ...
Unpacking libkdecorations2-5v5:amd64 (4:5.27.11-0ubuntu2) ...
Selecting previously unselected package libkf5activities5:amd64.
Preparing to unpack .../257-libkf5activities5_5.115.0-0ubuntu3_amd64.deb ...
Unpacking libkf5activities5:amd64 (5.115.0-0ubuntu3) ...
Selecting previously unselected package libkf5kcmutils-data.
Preparing to unpack .../258-libkf5kcmutils-data_5.115.0-0ubuntu5_all.deb ...
Unpacking libkf5kcmutils-data (5.115.0-0ubuntu5) ...
Selecting previously unselected package libkf5auth5:amd64.
Preparing to unpack .../259-libkf5auth5_5.115.0-0ubuntu5_amd64.deb ...
Unpacking libkf5auth5:amd64 (5.115.0-0ubuntu5) ...
Selecting previously unselected package libkf5kcmutilscore5:amd64.
Preparing to unpack .../260-libkf5kcmutilscore5_5.115.0-0ubuntu5_amd64.deb ...
Unpacking libkf5kcmutilscore5:amd64 (5.115.0-0ubuntu5) ...
Selecting previously unselected package libqt5quickwidgets5:amd64.
Preparing to unpack .../261-libqt5quickwidgets5_5.15.13+dfsg-1ubuntu0.1_amd64.deb ...
Unpacking libqt5quickwidgets5:amd64 (5.15.13+dfsg-1ubuntu0.1) ...
Selecting previously unselected package libkf5kcmutils5:amd64.
Preparing to unpack .../262-libkf5kcmutils5_5.115.0-0ubuntu5_amd64.deb ...
Unpacking libkf5kcmutils5:amd64 (5.115.0-0ubuntu5) ...
Selecting previously unselected package libkf5newstuff-data.
Preparing to unpack .../263-libkf5newstuff-data_5.115.0-0ubuntu5_all.deb ...
Unpacking libkf5newstuff-data (5.115.0-0ubuntu5) ...
Selecting previously unselected package libkf5newstuff5:amd64.
Preparing to unpack .../264-libkf5newstuff5_5.115.0-0ubuntu5_amd64.deb ...
Unpacking libkf5newstuff5:amd64 (5.115.0-0ubuntu5) ...
Selecting previously unselected package libkf5newstuffwidgets5:amd64.
Preparing to unpack .../265-libkf5newstuffwidgets5_5.115.0-0ubuntu5_amd64.deb ...
Unpacking libkf5newstuffwidgets5:amd64 (5.115.0-0ubuntu5) ...
Selecting previously unselected package libkf5plasma5:amd64.
Preparing to unpack .../266-libkf5plasma5_5.115.0-0ubuntu4_amd64.deb ...
Unpacking libkf5plasma5:amd64 (5.115.0-0ubuntu4) ...
Selecting previously unselected package libkwinglutils14.
Preparing to unpack .../267-libkwinglutils14_4%3a5.27.11-0ubuntu3_amd64.deb ...
Unpacking libkwinglutils14 (4:5.27.11-0ubuntu3) ...
Selecting previously unselected package libkwineffects14.
Preparing to unpack .../268-libkwineffects14_4%3a5.27.11-0ubuntu3_amd64.deb ...
Unpacking libkwineffects14 (4:5.27.11-0ubuntu3) ...
Selecting previously unselected package libxcb-composite0:amd64.
Preparing to unpack .../269-libxcb-composite0_1.15-1ubuntu2_amd64.deb ...
Unpacking libxcb-composite0:amd64 (1.15-1ubuntu2) ...
Selecting previously unselected package libxcb-cursor0:amd64.
Preparing to unpack .../270-libxcb-cursor0_0.1.4-1build1_amd64.deb ...
Unpacking libxcb-cursor0:amd64 (0.1.4-1build1) ...
Selecting previously unselected package libxcb-damage0:amd64.
Preparing to unpack .../271-libxcb-damage0_1.15-1ubuntu2_amd64.deb ...
Unpacking libxcb-damage0:amd64 (1.15-1ubuntu2) ...
Selecting previously unselected package libxcvt0:amd64.
Preparing to unpack .../272-libxcvt0_0.1.2-1build1_amd64.deb ...
Unpacking libxcvt0:amd64 (0.1.2-1build1) ...
Selecting previously unselected package kwin-common.
Preparing to unpack .../273-kwin-common_4%3a5.27.11-0ubuntu3_amd64.deb ...
Unpacking kwin-common (4:5.27.11-0ubuntu3) ...
Selecting previously unselected package liba52-0.7.4:amd64.
Preparing to unpack .../274-liba52-0.7.4_0.7.4-20build1_amd64.deb ...
Unpacking liba52-0.7.4:amd64 (0.7.4-20build1) ...
Selecting previously unselected package libaa1:amd64.
Preparing to unpack .../275-libaa1_1.4p5-51.1_amd64.deb ...
Unpacking libaa1:amd64 (1.4p5-51.1) ...
Selecting previously unselected package libaml0t64:amd64.
Preparing to unpack .../276-libaml0t64_0.3.0-1.1build1_amd64.deb ...
Unpacking libaml0t64:amd64 (0.3.0-1.1build1) ...
Selecting previously unselected package libaribb24-0t64:amd64.
Preparing to unpack .../277-libaribb24-0t64_1.0.3-2.1build2_amd64.deb ...
Unpacking libaribb24-0t64:amd64 (1.0.3-2.1build2) ...
Selecting previously unselected package libcddb2.
Preparing to unpack .../278-libcddb2_1.3.2-7fakesync1build1_amd64.deb ...
Unpacking libcddb2 (1.3.2-7fakesync1build1) ...
Selecting previously unselected package libcolorcorrect5.
Preparing to unpack .../279-libcolorcorrect5_4%3a5.27.12-0ubuntu0.1_amd64.deb ...
Unpacking libcolorcorrect5 (4:5.27.12-0ubuntu0.1) ...
Selecting previously unselected package libdmtx0t64:amd64.
Preparing to unpack .../280-libdmtx0t64_0.7.7-1.2build1_amd64.deb ...
Unpacking libdmtx0t64:amd64 (0.7.7-1.2build1) ...
Selecting previously unselected package libdvbpsi10:amd64.
Preparing to unpack .../281-libdvbpsi10_1.3.3-1build1_amd64.deb ...
Unpacking libdvbpsi10:amd64 (1.3.3-1build1) ...
Selecting previously unselected package libdvdread8t64:amd64.
Preparing to unpack .../282-libdvdread8t64_6.1.3-1.1build1_amd64.deb ...
Unpacking libdvdread8t64:amd64 (6.1.3-1.1build1) ...
Selecting previously unselected package libdvdnav4:amd64.
Preparing to unpack .../283-libdvdnav4_6.1.1-3build1_amd64.deb ...
Unpacking libdvdnav4:amd64 (6.1.1-3build1) ...
Selecting previously unselected package libebml5:amd64.
Preparing to unpack .../284-libebml5_1.4.5-1_amd64.deb ...
Unpacking libebml5:amd64 (1.4.5-1) ...
Selecting previously unselected package libeditorconfig0:amd64.
Preparing to unpack .../285-libeditorconfig0_0.12.7-0.1ubuntu0.1_amd64.deb ...
Unpacking libeditorconfig0:amd64 (0.12.7-0.1ubuntu0.1) ...
Selecting previously unselected package libevent-2.1-7t64:amd64.
Preparing to unpack .../286-libevent-2.1-7t64_2.1.12-stable-9ubuntu2_amd64.deb ...
Unpacking libevent-2.1-7t64:amd64 (2.1.12-stable-9ubuntu2) ...
Selecting previously unselected package libexiv2-27:amd64.
Preparing to unpack .../287-libexiv2-27_0.27.6-1ubuntu0.3_amd64.deb ...
Unpacking libexiv2-27:amd64 (0.27.6-1ubuntu0.3) ...
Selecting previously unselected package libfaad2:amd64.
Preparing to unpack .../288-libfaad2_2.11.1-1build1_amd64.deb ...
Unpacking libfaad2:amd64 (2.11.1-1build1) ...
Selecting previously unselected package libwinpr2-2t64:amd64.
Preparing to unpack .../289-libwinpr2-2t64_2.11.5+dfsg1-1build2_amd64.deb ...
Unpacking libwinpr2-2t64:amd64 (2.11.5+dfsg1-1build2) ...
Selecting previously unselected package libfreerdp2-2t64:amd64.
Preparing to unpack .../290-libfreerdp2-2t64_2.11.5+dfsg1-1build2_amd64.deb ...
Unpacking libfreerdp2-2t64:amd64 (2.11.5+dfsg1-1build2) ...
Selecting previously unselected package libfreerdp-server2-2t64:amd64.
Preparing to unpack .../291-libfreerdp-server2-2t64_2.11.5+dfsg1-1build2_amd64.deb ...
Unpacking libfreerdp-server2-2t64:amd64 (2.11.5+dfsg1-1build2) ...
Selecting previously unselected package libgps30t64:amd64.
Preparing to unpack .../292-libgps30t64_3.25-3ubuntu3.2_amd64.deb ...
Unpacking libgps30t64:amd64 (3.25-3ubuntu3.2) ...
Selecting previously unselected package liborc-0.4-0t64:amd64.
Preparing to unpack .../293-liborc-0.4-0t64_1%3a0.4.38-1ubuntu0.1_amd64.deb ...
Unpacking liborc-0.4-0t64:amd64 (1:0.4.38-1ubuntu0.1) ...
Selecting previously unselected package libgstreamer-plugins-base1.0-0:amd64.
Preparing to unpack .../294-libgstreamer-plugins-base1.0-0_1.24.2-1ubuntu0.4_amd64.deb ...
Unpacking libgstreamer-plugins-base1.0-0:amd64 (1.24.2-1ubuntu0.4) ...
Selecting previously unselected package libharfbuzz-subset0:amd64.
Preparing to unpack .../295-libharfbuzz-subset0_8.3.0-2build2_amd64.deb ...
Unpacking libharfbuzz-subset0:amd64 (8.3.0-2build2) ...
Selecting previously unselected package libidn12:amd64.
Preparing to unpack .../296-libidn12_1.42-1ubuntu0.1_amd64.deb ...
Unpacking libidn12:amd64 (1.42-1ubuntu0.1) ...
Selecting previously unselected package libixml11t64:amd64.
Preparing to unpack .../297-libixml11t64_1%3a1.14.18-1.1ubuntu2_amd64.deb ...
Unpacking libixml11t64:amd64 (1:1.14.18-1.1ubuntu2) ...
Selecting previously unselected package libkate1:amd64.
Preparing to unpack .../298-libkate1_0.4.1-11build2_amd64.deb ...
Unpacking libkate1:amd64 (0.4.1-11build2) ...
Selecting previously unselected package libkf5activitiesstats1:amd64.
Preparing to unpack .../299-libkf5activitiesstats1_5.115.0-0ubuntu5_amd64.deb ...
Unpacking libkf5activitiesstats1:amd64 (5.115.0-0ubuntu5) ...
Selecting previously unselected package libkf5balooengine5.
Preparing to unpack .../300-libkf5balooengine5_5.115.0-0ubuntu5_amd64.deb ...
Unpacking libkf5balooengine5 (5.115.0-0ubuntu5) ...
Selecting previously unselected package libkf5filemetadata-data.
Preparing to unpack .../301-libkf5filemetadata-data_5.115.0-0ubuntu4_all.deb ...
Unpacking libkf5filemetadata-data (5.115.0-0ubuntu4) ...
Selecting previously unselected package libkf5filemetadata3:amd64.
Preparing to unpack .../302-libkf5filemetadata3_5.115.0-0ubuntu4_amd64.deb ...
Unpacking libkf5filemetadata3:amd64 (5.115.0-0ubuntu4) ...
Selecting previously unselected package libkf5baloo5.
Preparing to unpack .../303-libkf5baloo5_5.115.0-0ubuntu5_amd64.deb ...
Unpacking libkf5baloo5 (5.115.0-0ubuntu5) ...
Selecting previously unselected package libkf5bookmarks-data.
Preparing to unpack .../304-libkf5bookmarks-data_5.115.0-0ubuntu5_all.deb ...
Unpacking libkf5bookmarks-data (5.115.0-0ubuntu5) ...
Selecting previously unselected package libkf5bookmarks5:amd64.
Preparing to unpack .../305-libkf5bookmarks5_5.115.0-0ubuntu5_amd64.deb ...
Unpacking libkf5bookmarks5:amd64 (5.115.0-0ubuntu5) ...
Selecting previously unselected package libkf5calendarevents5:amd64.
Preparing to unpack .../306-libkf5calendarevents5_5.115.0-0ubuntu5_amd64.deb ...
Unpacking libkf5calendarevents5:amd64 (5.115.0-0ubuntu5) ...
Selecting previously unselected package libkf5config-bin.
Preparing to unpack .../307-libkf5config-bin_5.115.0-0ubuntu5_amd64.deb ...
Unpacking libkf5config-bin (5.115.0-0ubuntu5) ...
Selecting previously unselected package libkf5holidays-data.
Preparing to unpack .../308-libkf5holidays-data_1%3a5.115.0-0ubuntu5_all.deb ...
Unpacking libkf5holidays-data (1:5.115.0-0ubuntu5) ...
Selecting previously unselected package libkf5holidays5:amd64.
Preparing to unpack .../309-libkf5holidays5_1%3a5.115.0-0ubuntu5_amd64.deb ...
Unpacking libkf5holidays5:amd64 (1:5.115.0-0ubuntu5) ...
Selecting previously unselected package libkf5kexiv2-15.0.0:amd64.
Preparing to unpack .../310-libkf5kexiv2-15.0.0_23.08.5-0ubuntu3_amd64.deb ...
Unpacking libkf5kexiv2-15.0.0:amd64 (23.08.5-0ubuntu3) ...
Selecting previously unselected package libkf5kiofilewidgets5:amd64.
Preparing to unpack .../311-libkf5kiofilewidgets5_5.115.0-0ubuntu6_amd64.deb ...
Unpacking libkf5kiofilewidgets5:amd64 (5.115.0-0ubuntu6) ...
Selecting previously unselected package libkf5notifyconfig-data.
Preparing to unpack .../312-libkf5notifyconfig-data_5.115.0-0ubuntu6_all.deb ...
Unpacking libkf5notifyconfig-data (5.115.0-0ubuntu6) ...
Selecting previously unselected package libkf5notifyconfig5:amd64.
Preparing to unpack .../313-libkf5notifyconfig5_5.115.0-0ubuntu6_amd64.deb ...
Unpacking libkf5notifyconfig5:amd64 (5.115.0-0ubuntu6) ...
Selecting previously unselected package libkf5parts-data.
Preparing to unpack .../314-libkf5parts-data_5.115.0-0ubuntu5_all.deb ...
Unpacking libkf5parts-data (5.115.0-0ubuntu5) ...
Selecting previously unselected package libkf5parts5:amd64.
Preparing to unpack .../315-libkf5parts5_5.115.0-0ubuntu5_amd64.deb ...
Unpacking libkf5parts5:amd64 (5.115.0-0ubuntu5) ...
Selecting previously unselected package libkf5people-data.
Preparing to unpack .../316-libkf5people-data_5.115.0-0ubuntu4_all.deb ...
Unpacking libkf5people-data (5.115.0-0ubuntu4) ...
Selecting previously unselected package libkf5peoplebackend5:amd64.
Preparing to unpack .../317-libkf5peoplebackend5_5.115.0-0ubuntu4_amd64.deb ...
Unpacking libkf5peoplebackend5:amd64 (5.115.0-0ubuntu4) ...
Selecting previously unselected package libkf5people5:amd64.
Preparing to unpack .../318-libkf5people5_5.115.0-0ubuntu4_amd64.deb ...
Unpacking libkf5people5:amd64 (5.115.0-0ubuntu4) ...
Selecting previously unselected package libkf5peoplewidgets5:amd64.
Preparing to unpack .../319-libkf5peoplewidgets5_5.115.0-0ubuntu4_amd64.deb ...
Unpacking libkf5peoplewidgets5:amd64 (5.115.0-0ubuntu4) ...
Selecting previously unselected package libkf5plasmaquick5:amd64.
Preparing to unpack .../320-libkf5plasmaquick5_5.115.0-0ubuntu4_amd64.deb ...
Unpacking libkf5plasmaquick5:amd64 (5.115.0-0ubuntu4) ...
Selecting previously unselected package libqrencode4:amd64.
Preparing to unpack .../321-libqrencode4_4.1.1-1build2_amd64.deb ...
Unpacking libqrencode4:amd64 (4.1.1-1build2) ...
Selecting previously unselected package libzxing3:amd64.
Preparing to unpack .../322-libzxing3_2.2.1-3_amd64.deb ...
Unpacking libzxing3:amd64 (2.2.1-3) ...
Selecting previously unselected package libkf5prison5:amd64.
Preparing to unpack .../323-libkf5prison5_5.115.0-0ubuntu5_amd64.deb ...
Unpacking libkf5prison5:amd64 (5.115.0-0ubuntu5) ...
Selecting previously unselected package libkf5threadweaver5:amd64.
Preparing to unpack .../324-libkf5threadweaver5_5.115.0-0ubuntu4_amd64.deb ...
Unpacking libkf5threadweaver5:amd64 (5.115.0-0ubuntu4) ...
Selecting previously unselected package libkf5runner5:amd64.
Preparing to unpack .../325-libkf5runner5_5.115.0-0ubuntu4_amd64.deb ...
Unpacking libkf5runner5:amd64 (5.115.0-0ubuntu4) ...
Selecting previously unselected package libkf5screen8:amd64.
Preparing to unpack .../326-libkf5screen8_4%3a5.27.11-0ubuntu2_amd64.deb ...
Unpacking libkf5screen8:amd64 (4:5.27.11-0ubuntu2) ...
Selecting previously unselected package libkf5screen-bin.
Preparing to unpack .../327-libkf5screen-bin_4%3a5.27.11-0ubuntu2_amd64.deb ...
Unpacking libkf5screen-bin (4:5.27.11-0ubuntu2) ...
Selecting previously unselected package libkf5style5:amd64.
Preparing to unpack .../328-libkf5style5_5.115.0-0ubuntu7_amd64.deb ...
Unpacking libkf5style5:amd64 (5.115.0-0ubuntu7) ...
Selecting previously unselected package libkf5texteditor-bin.
Preparing to unpack .../329-libkf5texteditor-bin_5.115.0-0ubuntu4_amd64.deb ...
Unpacking libkf5texteditor-bin (5.115.0-0ubuntu4) ...
Selecting previously unselected package libkf5texteditor5:amd64.
Preparing to unpack .../330-libkf5texteditor5_5.115.0-0ubuntu4_amd64.deb ...
Unpacking libkf5texteditor5:amd64 (5.115.0-0ubuntu4) ...
Selecting previously unselected package libwebrtc-audio-processing1:amd64.
Preparing to unpack .../331-libwebrtc-audio-processing1_0.3.1-0ubuntu6_amd64.deb ...
Unpacking libwebrtc-audio-processing1:amd64 (0.3.1-0ubuntu6) ...
Selecting previously unselected package libspa-0.2-modules:amd64.
Preparing to unpack .../332-libspa-0.2-modules_1.0.5-1ubuntu3.3_amd64.deb ...
Unpacking libspa-0.2-modules:amd64 (1.0.5-1ubuntu3.3) ...
Selecting previously unselected package libpipewire-0.3-0t64:amd64.
Preparing to unpack .../333-libpipewire-0.3-0t64_1.0.5-1ubuntu3.3_amd64.deb ...
Unpacking libpipewire-0.3-0t64:amd64 (1.0.5-1ubuntu3.3) ...
Selecting previously unselected package libkpipewire5.
Preparing to unpack .../334-libkpipewire5_5.27.11-0ubuntu2_amd64.deb ...
Unpacking libkpipewire5 (5.27.11-0ubuntu2) ...
Selecting previously unselected package libkpipewiredmabuf5.
Preparing to unpack .../335-libkpipewiredmabuf5_5.27.11-0ubuntu2_amd64.deb ...
Unpacking libkpipewiredmabuf5 (5.27.11-0ubuntu2) ...
Selecting previously unselected package libkpipewirerecord5.
Preparing to unpack .../336-libkpipewirerecord5_5.27.11-0ubuntu2_amd64.deb ...
Unpacking libkpipewirerecord5 (5.27.11-0ubuntu2) ...
Selecting previously unselected package libkf5sysguard-data.
Preparing to unpack .../337-libkf5sysguard-data_4%3a5.27.11-0ubuntu3_all.deb ...
Unpacking libkf5sysguard-data (4:5.27.11-0ubuntu3) ...
Selecting previously unselected package libksgrd9.
Preparing to unpack .../338-libksgrd9_4%3a5.27.11-0ubuntu3_amd64.deb ...
Unpacking libksgrd9 (4:5.27.11-0ubuntu3) ...
Selecting previously unselected package libksysguardformatter1.
Preparing to unpack .../339-libksysguardformatter1_4%3a5.27.11-0ubuntu3_amd64.deb ...
Unpacking libksysguardformatter1 (4:5.27.11-0ubuntu3) ...
Selecting previously unselected package libksysguardsystemstats1.
Preparing to unpack .../340-libksysguardsystemstats1_4%3a5.27.11-0ubuntu3_amd64.deb ...
Unpacking libksysguardsystemstats1 (4:5.27.11-0ubuntu3) ...
Selecting previously unselected package libksysguardsensors1.
Preparing to unpack .../341-libksysguardsensors1_4%3a5.27.11-0ubuntu3_amd64.deb ...
Unpacking libksysguardsensors1 (4:5.27.11-0ubuntu3) ...
Selecting previously unselected package libksysguardsensorfaces1.
Preparing to unpack .../342-libksysguardsensorfaces1_4%3a5.27.11-0ubuntu3_amd64.deb ...
Unpacking libksysguardsensorfaces1 (4:5.27.11-0ubuntu3) ...
Selecting previously unselected package libkworkspace5-5.
Preparing to unpack .../343-libkworkspace5-5_4%3a5.27.12-0ubuntu0.1_amd64.deb ...
Unpacking libkworkspace5-5 (4:5.27.12-0ubuntu0.1) ...
Selecting previously unselected package liblirc-client0t64:amd64.
Preparing to unpack .../344-liblirc-client0t64_0.10.2-0.8build1_amd64.deb ...
Unpacking liblirc-client0t64:amd64 (0.10.2-0.8build1) ...
Selecting previously unselected package liblua5.2-0:amd64.
Preparing to unpack .../345-liblua5.2-0_5.2.4-3build2_amd64.deb ...
Unpacking liblua5.2-0:amd64 (5.2.4-3build2) ...
Selecting previously unselected package libmad0:amd64.
Preparing to unpack .../346-libmad0_0.15.1b-10.2ubuntu1_amd64.deb ...
Unpacking libmad0:amd64 (0.15.1b-10.2ubuntu1) ...
Selecting previously unselected package libmatroska7:amd64.
Preparing to unpack .../347-libmatroska7_1.7.1-1build1_amd64.deb ...
Unpacking libmatroska7:amd64 (1.7.1-1build1) ...
Selecting previously unselected package libminizip1t64:amd64.
Preparing to unpack .../348-libminizip1t64_1%3a1.3.dfsg-3.1ubuntu2.1_amd64.deb ...
Unpacking libminizip1t64:amd64 (1:1.3.dfsg-3.1ubuntu2.1) ...
Selecting previously unselected package libmpcdec6:amd64.
Preparing to unpack .../349-libmpcdec6_2%3a0.1~r495-2build1_amd64.deb ...
Unpacking libmpcdec6:amd64 (2:0.1~r495-2build1) ...
Selecting previously unselected package libmpeg2-4:amd64.
Preparing to unpack .../350-libmpeg2-4_0.5.1-9build1_amd64.deb ...
Unpacking libmpeg2-4:amd64 (0.5.1-9build1) ...
Selecting previously unselected package libmtp-common.
Preparing to unpack .../351-libmtp-common_1.1.21-3.1ubuntu1_all.deb ...
Unpacking libmtp-common (1.1.21-3.1ubuntu1) ...
Selecting previously unselected package libmtp9t64:amd64.
Preparing to unpack .../352-libmtp9t64_1.1.21-3.1ubuntu1_amd64.deb ...
Unpacking libmtp9t64:amd64 (1.1.21-3.1ubuntu1) ...
Selecting previously unselected package libturbojpeg:amd64.
Preparing to unpack .../353-libturbojpeg_1%3a2.1.5-2ubuntu2_amd64.deb ...
Unpacking libturbojpeg:amd64 (1:2.1.5-2ubuntu2) ...
Selecting previously unselected package libneatvnc0:amd64.
Preparing to unpack .../354-libneatvnc0_0.7.1+dfsg-2build3_amd64.deb ...
Unpacking libneatvnc0:amd64 (0.7.1+dfsg-2build3) ...
Selecting previously unselected package libnfs14:amd64.
Preparing to unpack .../355-libnfs14_5.0.2-1ubuntu0.24.04.1_amd64.deb ...
Unpacking libnfs14:amd64 (5.0.2-1ubuntu0.24.04.1) ...
Selecting previously unselected package libnotificationmanager1.
Preparing to unpack .../356-libnotificationmanager1_4%3a5.27.12-0ubuntu0.1_amd64.deb ...
Unpacking libnotificationmanager1 (4:5.27.12-0ubuntu0.1) ...
Selecting previously unselected package libopenmpt-modplug1:amd64.
Preparing to unpack .../357-libopenmpt-modplug1_0.8.9.0-openmpt1-2build2_amd64.deb ...
Unpacking libopenmpt-modplug1:amd64 (0.8.9.0-openmpt1-2build2) ...
Selecting previously unselected package libphonon-l10n.
Preparing to unpack .../358-libphonon-l10n_4%3a4.12.0-3.1build3_all.deb ...
Unpacking libphonon-l10n (4:4.12.0-3.1build3) ...
Selecting previously unselected package libpulse-mainloop-glib0:amd64.
Preparing to unpack .../359-libpulse-mainloop-glib0_1%3a16.1+dfsg1-2ubuntu10.1_amd64.deb ...
Unpacking libpulse-mainloop-glib0:amd64 (1:16.1+dfsg1-2ubuntu10.1) ...
Selecting previously unselected package libphonon4qt5-4t64:amd64.
Preparing to unpack .../360-libphonon4qt5-4t64_4%3a4.12.0-3.1build3_amd64.deb ...
Unpacking libphonon4qt5-4t64:amd64 (4:4.12.0-3.1build3) ...
Selecting previously unselected package libplasma-geolocation-interface5.
Preparing to unpack .../361-libplasma-geolocation-interface5_4%3a5.27.12-0ubuntu0.1_amd64.deb ...
Unpacking libplasma-geolocation-interface5 (4:5.27.12-0ubuntu0.1) ...
Selecting previously unselected package libprocesscore9.
Preparing to unpack .../362-libprocesscore9_4%3a5.27.11-0ubuntu3_amd64.deb ...
Unpacking libprocesscore9 (4:5.27.11-0ubuntu3) ...
Selecting previously unselected package libqt5webchannel5:amd64.
Preparing to unpack .../363-libqt5webchannel5_5.15.13-1_amd64.deb ...
Unpacking libqt5webchannel5:amd64 (5.15.13-1) ...
Selecting previously unselected package libqt5webengine-data.
Preparing to unpack .../364-libqt5webengine-data_5.15.16+dfsg-3_all.deb ...
Unpacking libqt5webengine-data (5.15.16+dfsg-3) ...
Selecting previously unselected package libqt5positioning5:amd64.
Preparing to unpack .../365-libqt5positioning5_5.15.13+dfsg-1_amd64.deb ...
Unpacking libqt5positioning5:amd64 (5.15.13+dfsg-1) ...
Selecting previously unselected package libqt5webenginecore5:amd64.
Preparing to unpack .../366-libqt5webenginecore5_5.15.16+dfsg-3_amd64.deb ...
Unpacking libqt5webenginecore5:amd64 (5.15.16+dfsg-3) ...
Selecting previously unselected package libqt5webenginewidgets5:amd64.
Preparing to unpack .../367-libqt5webenginewidgets5_5.15.16+dfsg-3_amd64.deb ...
Unpacking libqt5webenginewidgets5:amd64 (5.15.16+dfsg-3) ...
Selecting previously unselected package libxres1:amd64.
Preparing to unpack .../368-libxres1_2%3a1.2.1-1build1_amd64.deb ...
Unpacking libxres1:amd64 (2:1.2.1-1build1) ...
Selecting previously unselected package libprocessui9.
Preparing to unpack .../369-libprocessui9_4%3a5.27.11-0ubuntu3_amd64.deb ...
Unpacking libprocessui9 (4:5.27.11-0ubuntu3) ...
Selecting previously unselected package libqalculate-data.
Preparing to unpack .../370-libqalculate-data_4.9.0-1.1build2_all.deb ...
Unpacking libqalculate-data (4.9.0-1.1build2) ...
Selecting previously unselected package libqalculate22t64:amd64.
Preparing to unpack .../371-libqalculate22t64_4.9.0-1.1build2_amd64.deb ...
Unpacking libqalculate22t64:amd64 (4.9.0-1.1build2) ...
Selecting previously unselected package libqt5quickshapes5:amd64.
Preparing to unpack .../372-libqt5quickshapes5_5.15.13+dfsg-1ubuntu0.1_amd64.deb ...
Unpacking libqt5quickshapes5:amd64 (5.15.13+dfsg-1ubuntu0.1) ...
Selecting previously unselected package libresid-builder0c2a.
Preparing to unpack .../373-libresid-builder0c2a_2.1.1-15ubuntu3_amd64.deb ...
Unpacking libresid-builder0c2a (2.1.1-15ubuntu3) ...
Selecting previously unselected package libseat1:amd64.
Preparing to unpack .../374-libseat1_0.8.0-1_amd64.deb ...
Unpacking libseat1:amd64 (0.8.0-1) ...
Selecting previously unselected package libsecret-common.
Preparing to unpack .../375-libsecret-common_0.21.4-1build3_all.deb ...
Unpacking libsecret-common (0.21.4-1build3) ...
Selecting previously unselected package libsecret-1-0:amd64.
Preparing to unpack .../376-libsecret-1-0_0.21.4-1build3_amd64.deb ...
Unpacking libsecret-1-0:amd64 (0.21.4-1build3) ...
Selecting previously unselected package libshout3:amd64.
Preparing to unpack .../377-libshout3_2.4.6-1build2_amd64.deb ...
Unpacking libshout3:amd64 (2.4.6-1build2) ...
Selecting previously unselected package libsidplay2.
Preparing to unpack .../378-libsidplay2_2.1.1-15ubuntu3_amd64.deb ...
Unpacking libsidplay2 (2.1.1-15ubuntu3) ...
Selecting previously unselected package libspatialaudio0t64:amd64.
Preparing to unpack .../379-libspatialaudio0t64_0.3.0+git20180730+dfsg1-2.1build1_amd64.deb ...
Unpacking libspatialaudio0t64:amd64 (0.3.0+git20180730+dfsg1-2.1build1) ...
Selecting previously unselected package libspeexdsp1:amd64.
Preparing to unpack .../380-libspeexdsp1_1.2.1-1ubuntu3_amd64.deb ...
Unpacking libspeexdsp1:amd64 (1.2.1-1ubuntu3) ...
Selecting previously unselected package libtag1v5-vanilla:amd64.
Preparing to unpack .../381-libtag1v5-vanilla_1.13.1-1build1_amd64.deb ...
Unpacking libtag1v5-vanilla:amd64 (1.13.1-1build1) ...
Selecting previously unselected package libtag1v5:amd64.
Preparing to unpack .../382-libtag1v5_1.13.1-1build1_amd64.deb ...
Unpacking libtag1v5:amd64 (1.13.1-1build1) ...
Selecting previously unselected package libtaskmanager6.
Preparing to unpack .../383-libtaskmanager6_4%3a5.27.12-0ubuntu0.1_amd64.deb ...
Unpacking libtaskmanager6 (4:5.27.12-0ubuntu0.1) ...
Selecting previously unselected package libupnp17t64:amd64.
Preparing to unpack .../384-libupnp17t64_1%3a1.14.18-1.1ubuntu2_amd64.deb ...
Unpacking libupnp17t64:amd64 (1:1.14.18-1.1ubuntu2) ...
Selecting previously unselected package libva-wayland2:amd64.
Preparing to unpack .../385-libva-wayland2_2.20.0-2ubuntu0.2_amd64.deb ...
Unpacking libva-wayland2:amd64 (2.20.0-2ubuntu0.2) ...
Selecting previously unselected package libvlccore9:amd64.
Preparing to unpack .../386-libvlccore9_3.0.20-3build6_amd64.deb ...
Unpacking libvlccore9:amd64 (3.0.20-3build6) ...
Selecting previously unselected package libvlc5:amd64.
Preparing to unpack .../387-libvlc5_3.0.20-3build6_amd64.deb ...
Unpacking libvlc5:amd64 (3.0.20-3build6) ...
Selecting previously unselected package libweather-ion7.
Preparing to unpack .../388-libweather-ion7_4%3a5.27.12-0ubuntu0.1_amd64.deb ...
Unpacking libweather-ion7 (4:5.27.12-0ubuntu0.1) ...
Selecting previously unselected package libgles2:amd64.
Preparing to unpack .../389-libgles2_1.7.0-1build1_amd64.deb ...
Unpacking libgles2:amd64 (1.7.0-1build1) ...
Selecting previously unselected package libweston-13-0:amd64.
Preparing to unpack .../390-libweston-13-0_13.0.0-4build3_amd64.deb ...
Unpacking libweston-13-0:amd64 (13.0.0-4build3) ...
Selecting previously unselected package libxcb-xv0:amd64.
Preparing to unpack .../391-libxcb-xv0_1.15-1ubuntu2_amd64.deb ...
Unpacking libxcb-xv0:amd64 (1.15-1ubuntu2) ...
Selecting previously unselected package libxxf86dga1:amd64.
Preparing to unpack .../392-libxxf86dga1_2%3a1.1.5-1build1_amd64.deb ...
Unpacking libxxf86dga1:amd64 (2:1.1.5-1build1) ...
Selecting previously unselected package phonon-backend-vlc-common.
Preparing to unpack .../393-phonon-backend-vlc-common_0.12.0-3build3_all.deb ...
Unpacking phonon-backend-vlc-common (0.12.0-3build3) ...
Selecting previously unselected package vlc-data.
Preparing to unpack .../394-vlc-data_3.0.20-3build6_all.deb ...
Unpacking vlc-data (3.0.20-3build6) ...
Selecting previously unselected package libdca0:amd64.
Preparing to unpack .../395-libdca0_0.0.7-2build1_amd64.deb ...
Unpacking libdca0:amd64 (0.0.7-2build1) ...
Selecting previously unselected package vlc-plugin-base:amd64.
Preparing to unpack .../396-vlc-plugin-base_3.0.20-3build6_amd64.deb ...
Unpacking vlc-plugin-base:amd64 (3.0.20-3build6) ...
Selecting previously unselected package vlc-plugin-video-output:amd64.
Preparing to unpack .../397-vlc-plugin-video-output_3.0.20-3build6_amd64.deb ...
Unpacking vlc-plugin-video-output:amd64 (3.0.20-3build6) ...
Selecting previously unselected package phonon4qt5-backend-vlc:amd64.
Preparing to unpack .../398-phonon4qt5-backend-vlc_0.12.0-3build3_amd64.deb ...
Unpacking phonon4qt5-backend-vlc:amd64 (0.12.0-3build3) ...
Selecting previously unselected package phonon4qt5:amd64.
Preparing to unpack .../399-phonon4qt5_4%3a4.12.0-3.1build3_amd64.deb ...
Unpacking phonon4qt5:amd64 (4:4.12.0-3.1build3) ...
Selecting previously unselected package qml-module-org-kde-kconfig:amd64.
Preparing to unpack .../400-qml-module-org-kde-kconfig_5.115.0-0ubuntu5_amd64.deb ...
Unpacking qml-module-org-kde-kconfig:amd64 (5.115.0-0ubuntu5) ...
Selecting previously unselected package qml-module-qt-labs-folderlistmodel:amd64.
Preparing to unpack .../401-qml-module-qt-labs-folderlistmodel_5.15.13+dfsg-1ubuntu0.1_amd64.deb ...
Unpacking qml-module-qt-labs-folderlistmodel:amd64 (5.15.13+dfsg-1ubuntu0.1) ...
Selecting previously unselected package qml-module-qt-labs-settings:amd64.
Preparing to unpack .../402-qml-module-qt-labs-settings_5.15.13+dfsg-1ubuntu0.1_amd64.deb ...
Unpacking qml-module-qt-labs-settings:amd64 (5.15.13+dfsg-1ubuntu0.1) ...
Selecting previously unselected package qml-module-qtquick-privatewidgets:amd64.
Preparing to unpack .../403-qml-module-qtquick-privatewidgets_5.15.13-1_amd64.deb ...
Unpacking qml-module-qtquick-privatewidgets:amd64 (5.15.13-1) ...
Selecting previously unselected package qml-module-qtquick-dialogs:amd64.
Preparing to unpack .../404-qml-module-qtquick-dialogs_5.15.13-1_amd64.deb ...
Unpacking qml-module-qtquick-dialogs:amd64 (5.15.13-1) ...
Selecting previously unselected package qml-module-org-kde-kquickcontrols:amd64.
Preparing to unpack .../405-qml-module-org-kde-kquickcontrols_5.115.0-0ubuntu5_amd64.deb ...
Unpacking qml-module-org-kde-kquickcontrols:amd64 (5.115.0-0ubuntu5) ...
Selecting previously unselected package libopengl0:amd64.
Preparing to unpack .../406-libopengl0_1.7.0-1build1_amd64.deb ...
Unpacking libopengl0:amd64 (1.7.0-1build1) ...
Selecting previously unselected package plasma-framework.
Preparing to unpack .../407-plasma-framework_5.115.0-0ubuntu4_amd64.deb ...
Unpacking plasma-framework (5.115.0-0ubuntu4) ...
Selecting previously unselected package breeze-cursor-theme.
Preparing to unpack .../408-breeze-cursor-theme_4%3a5.27.12-0ubuntu0.1_all.deb ...
Unpacking breeze-cursor-theme (4:5.27.12-0ubuntu0.1) ...
Selecting previously unselected package breeze-icon-theme.
Preparing to unpack .../409-breeze-icon-theme_4%3a5.115.0-0ubuntu3_all.deb ...
Unpacking breeze-icon-theme (4:5.115.0-0ubuntu3) ...
Selecting previously unselected package kde-style-breeze.
Preparing to unpack .../410-kde-style-breeze_4%3a5.27.12-0ubuntu0.1_amd64.deb ...
Unpacking kde-style-breeze (4:5.27.12-0ubuntu0.1) ...
Selecting previously unselected package kwin-style-breeze.
Preparing to unpack .../411-kwin-style-breeze_4%3a5.27.12-0ubuntu0.1_amd64.deb ...
Unpacking kwin-style-breeze (4:5.27.12-0ubuntu0.1) ...
Selecting previously unselected package breeze.
Preparing to unpack .../412-breeze_4%3a5.27.12-0ubuntu0.1_amd64.deb ...
Unpacking breeze (4:5.27.12-0ubuntu0.1) ...
Selecting previously unselected package qml-module-org-kde-sonnet:amd64.
Preparing to unpack .../413-qml-module-org-kde-sonnet_5.115.0-0ubuntu5_amd64.deb ...
Unpacking qml-module-org-kde-sonnet:amd64 (5.115.0-0ubuntu5) ...
Selecting previously unselected package qml-module-org-kde-qqc2desktopstyle.
Preparing to unpack .../414-qml-module-org-kde-qqc2desktopstyle_5.115.0-0ubuntu4_amd64.deb ...
Unpacking qml-module-org-kde-qqc2desktopstyle (5.115.0-0ubuntu4) ...
Selecting previously unselected package plasma-integration.
Preparing to unpack .../415-plasma-integration_5.27.11-0ubuntu3_amd64.deb ...
Unpacking plasma-integration (5.27.11-0ubuntu3) ...
Selecting previously unselected package milou.
Preparing to unpack .../416-milou_4%3a5.27.11-0ubuntu2_amd64.deb ...
Unpacking milou (4:5.27.11-0ubuntu2) ...
Selecting previously unselected package plasma-workspace-data.
Preparing to unpack .../417-plasma-workspace-data_4%3a5.27.12-0ubuntu0.1_all.deb ...
Unpacking plasma-workspace-data (4:5.27.12-0ubuntu0.1) ...
Selecting previously unselected package qtchooser.
Preparing to unpack .../418-qtchooser_66-2build2_amd64.deb ...
Unpacking qtchooser (66-2build2) ...
Selecting previously unselected package qdbus-qt5.
Preparing to unpack .../419-qdbus-qt5_5.15.13-1_amd64.deb ...
Unpacking qdbus-qt5 (5.15.13-1) ...
Selecting previously unselected package qml-module-org-kde-activities:amd64.
Preparing to unpack .../420-qml-module-org-kde-activities_5.115.0-0ubuntu3_amd64.deb ...
Unpacking qml-module-org-kde-activities:amd64 (5.115.0-0ubuntu3) ...
Selecting previously unselected package qml-module-org-kde-draganddrop:amd64.
Preparing to unpack .../421-qml-module-org-kde-draganddrop_5.115.0-0ubuntu5_amd64.deb ...
Unpacking qml-module-org-kde-draganddrop:amd64 (5.115.0-0ubuntu5) ...
Selecting previously unselected package qml-module-org-kde-kcoreaddons:amd64.
Preparing to unpack .../422-qml-module-org-kde-kcoreaddons_5.115.0-0ubuntu5_amd64.deb ...
Unpacking qml-module-org-kde-kcoreaddons:amd64 (5.115.0-0ubuntu5) ...
Selecting previously unselected package qml-module-org-kde-kholidays:amd64.
Preparing to unpack .../423-qml-module-org-kde-kholidays_1%3a5.115.0-0ubuntu5_amd64.deb ...
Unpacking qml-module-org-kde-kholidays:amd64 (1:5.115.0-0ubuntu5) ...
Selecting previously unselected package qml-module-org-kde-quickcharts.
Preparing to unpack .../424-qml-module-org-kde-quickcharts_5.115.0-0ubuntu4_amd64.deb ...
Unpacking qml-module-org-kde-quickcharts (5.115.0-0ubuntu4) ...
Selecting previously unselected package qml-module-org-kde-ksysguard.
Preparing to unpack .../425-qml-module-org-kde-ksysguard_4%3a5.27.11-0ubuntu3_amd64.deb ...
Unpacking qml-module-org-kde-ksysguard (4:5.27.11-0ubuntu3) ...
Selecting previously unselected package qml-module-org-kde-kwindowsystem:amd64.
Preparing to unpack .../426-qml-module-org-kde-kwindowsystem_5.115.0-0ubuntu5_amd64.deb ...
Unpacking qml-module-org-kde-kwindowsystem:amd64 (5.115.0-0ubuntu5) ...
Selecting previously unselected package qml-module-org-kde-newstuff.
Preparing to unpack .../427-qml-module-org-kde-newstuff_5.115.0-0ubuntu5_amd64.deb ...
Unpacking qml-module-org-kde-newstuff (5.115.0-0ubuntu5) ...
Selecting previously unselected package qml-module-org-kde-pipewire.
Preparing to unpack .../428-qml-module-org-kde-pipewire_5.27.11-0ubuntu2_amd64.deb ...
Unpacking qml-module-org-kde-pipewire (5.27.11-0ubuntu2) ...
Selecting previously unselected package qml-module-org-kde-prison:amd64.
Preparing to unpack .../429-qml-module-org-kde-prison_5.115.0-0ubuntu5_amd64.deb ...
Unpacking qml-module-org-kde-prison:amd64 (5.115.0-0ubuntu5) ...
Selecting previously unselected package qml-module-org-kde-solid:amd64.
Preparing to unpack .../430-qml-module-org-kde-solid_5.115.0-0ubuntu5_amd64.deb ...
Unpacking qml-module-org-kde-solid:amd64 (5.115.0-0ubuntu5) ...
Selecting previously unselected package qml-module-org-kde-userfeedback:amd64.
Preparing to unpack .../431-qml-module-org-kde-userfeedback_1.3.0-3build3_amd64.deb ...
Unpacking qml-module-org-kde-userfeedback:amd64 (1.3.0-3build3) ...
Selecting previously unselected package qml-module-qtquick-shapes:amd64.
Preparing to unpack .../432-qml-module-qtquick-shapes_5.15.13+dfsg-1ubuntu0.1_amd64.deb ...
Unpacking qml-module-qtquick-shapes:amd64 (5.15.13+dfsg-1ubuntu0.1) ...
Selecting previously unselected package x11-utils.
Preparing to unpack .../433-x11-utils_7.7+6build2_amd64.deb ...
Unpacking x11-utils (7.7+6build2) ...
Selecting previously unselected package x11-xserver-utils.
Preparing to unpack .../434-x11-xserver-utils_7.7+10build2_amd64.deb ...
Unpacking x11-xserver-utils (7.7+10build2) ...
Selecting previously unselected package libkf5networkmanagerqt6.
Preparing to unpack .../435-libkf5networkmanagerqt6_5.115.0-0ubuntu4_amd64.deb ...
Unpacking libkf5networkmanagerqt6 (5.115.0-0ubuntu4) ...
Selecting previously unselected package libkfontinst5.
Preparing to unpack .../436-libkfontinst5_4%3a5.27.12-0ubuntu0.1_amd64.deb ...
Unpacking libkfontinst5 (4:5.27.12-0ubuntu0.1) ...
Selecting previously unselected package libkfontinstui5.
Preparing to unpack .../437-libkfontinstui5_4%3a5.27.12-0ubuntu0.1_amd64.deb ...
Unpacking libkfontinstui5 (4:5.27.12-0ubuntu0.1) ...
Selecting previously unselected package plasma-workspace.
Preparing to unpack .../438-plasma-workspace_4%3a5.27.12-0ubuntu0.1_amd64.deb ...
Unpacking plasma-workspace (4:5.27.12-0ubuntu0.1) ...
Selecting previously unselected package python3-tk:amd64.
Preparing to unpack .../439-python3-tk_3.12.3-0ubuntu1_amd64.deb ...
Unpacking python3-tk:amd64 (3.12.3-0ubuntu1) ...
Selecting previously unselected package weston.
Preparing to unpack .../440-weston_13.0.0-4build3_amd64.deb ...
Unpacking weston (13.0.0-4build3) ...
Setting up libgme0:amd64 (0.6.3-7build1) ...
Setting up libchromaprint1:amd64 (1.5.1-5) ...
Setting up libkf5codecs-data (5.115.0-0ubuntu5) ...
Setting up libssh-gcrypt-4:amd64 (0.10.6-2ubuntu0.4) ...
Setting up libhwy1t64:amd64 (1.0.7-8.1build1) ...
Setting up libdvdread8t64:amd64 (6.1.3-1.1build1) ...
Setting up libkf5package-data (5.115.0-0ubuntu5) ...
Setting up libudfread0:amd64 (1.1.2-1build1) ...
Setting up kwin-data (4:5.27.11-0ubuntu3) ...
Setting up libgpgmepp6t64:amd64 (1.18.0-4.1ubuntu4) ...
Setting up libwayland-server0:amd64 (1.22.0-2.1build1) ...
Setting up libebml5:amd64 (1.4.5-1) ...
Setting up libkf5service-data (5.115.0-0ubuntu4) ...
Setting up libxcb-res0:amd64 (1.15-1ubuntu2) ...
Setting up libdouble-conversion3:amd64 (3.3.0-1build1) ...
Setting up libraw1394-11:amd64 (2.1.2-2build3) ...
Setting up tk8.6-blt2.5 (2.5.3+dfsg-7build1) ...
Setting up libkf5kcmutils-data (5.115.0-0ubuntu5) ...
Setting up libtag1v5-vanilla:amd64 (1.13.1-1build1) ...
Setting up libkate1:amd64 (0.4.1-11build2) ...
Setting up libdvbpsi10:amd64 (1.3.3-1build1) ...
Setting up libspeex1:amd64 (1.2.1-2ubuntu2.24.04.1) ...
Setting up libshine3:amd64 (3.1.1-2build1) ...
Setting up libcaca0:amd64 (0.99.beta20-4ubuntu0.2) ...
Setting up libvpl2 (2023.3.0-1build1) ...
Setting up libqt5webengine-data (5.15.16+dfsg-3) ...
Setting up libeditorconfig0:amd64 (0.12.7-0.1ubuntu0.1) ...
Setting up libx264-164:amd64 (2:0.164.3108+git31e19f9-1) ...
Setting up libtwolame0:amd64 (0.4.0-2build3) ...
Setting up libkf5holidays-data (1:5.115.0-0ubuntu5) ...
Setting up libmbedcrypto7t64:amd64 (2.28.8-1) ...
Setting up libkf5config-data (5.115.0-0ubuntu5) ...
Setting up libxcb-xinput0:amd64 (1.15-1ubuntu2) ...
Setting up libqrencode4:amd64 (4.1.1-1build2) ...
Setting up libdebuginfod-common (0.190-1.1ubuntu0.1) ...
Setting up libkuserfeedback-l10n (1.3.0-3build3) ...
Setting up liblirc-client0t64:amd64 (0.10.2-0.8build1) ...
Setting up libkf5solid5-data (5.115.0-0ubuntu5) ...
Setting up libkf5bookmarks-data (5.115.0-0ubuntu5) ...
Setting up libgsm1:amd64 (1.0.22-1build1) ...
Setting up libaml0t64:amd64 (0.3.0-1.1build1) ...
Setting up breeze-cursor-theme (4:5.27.12-0ubuntu0.1) ...
update-alternatives: using /etc/X11/cursors/breeze_cursors.theme to provide /usr/share/icons/default/index.theme (x-cursor-theme) in auto mode
Setting up libkf5screen-data (4:5.27.11-0ubuntu2) ...
Setting up libsoxr0:amd64 (0.1.3-4build3) ...
Setting up libzix-0-0:amd64 (0.4.2-2build1) ...
Setting up libkf5i18n-data (5.115.0-0ubuntu6) ...
Setting up libkf5auth-data (5.115.0-0ubuntu5) ...
Setting up libkf5itemviews-data (5.115.0-0ubuntu5) ...
Setting up libkf5parts-data (5.115.0-0ubuntu5) ...
Setting up libcodec2-1.2:amd64 (1.2.0-2build1) ...
Setting up libwinpr2-2t64:amd64 (2.11.5+dfsg1-1build2) ...
Setting up blt (2.5.3+dfsg-7build1) ...
Setting up libaribb24-0t64:amd64 (1.0.3-2.1build2) ...
Setting up libkf5newstuff-data (5.115.0-0ubuntu5) ...
Setting up libmysofa1:amd64 (1.3.2+dfsg-2ubuntu2) ...
Setting up libxcb-keysyms1:amd64 (0.4.0-1build4) ...
Setting up libxcb-shape0:amd64 (1.15-1ubuntu2) ...
Setting up libcdio19t64:amd64 (2.1.0-4.1ubuntu1.2) ...
Setting up libxxf86dga1:amd64 (2:1.1.5-1build1) ...
Setting up libwebrtc-audio-processing1:amd64 (0.3.1-0ubuntu6) ...
Setting up libkf5windowsystem-data (5.115.0-0ubuntu4) ...
Setting up libphonon-l10n (4:4.12.0-3.1build3) ...
Setting up libevent-2.1-7t64:amd64 (2.1.12-stable-9ubuntu2) ...
Setting up libxcb-render-util0:amd64 (0.3.9-1build4) ...
Setting up python3-tk:amd64 (3.12.3-0ubuntu1) ...
Setting up libkf5syntaxhighlighting-data (5.115.0-0ubuntu3) ...
Setting up phonon-backend-vlc-common (0.12.0-3build3) ...
Setting up libsvtav1enc1d1:amd64 (1.7.0+dfsg-2build1) ...
Setting up libkf5declarative-data (5.115.0-0ubuntu5) ...
Setting up libxcb-icccm4:amd64 (0.4.1-1.1build3) ...
Setting up libkf5xmlgui-data (5.115.0-0ubuntu5) ...
Setting up libmpg123-0t64:amd64 (1.32.5-1ubuntu1.1) ...
Setting up libmpeg2-4:amd64 (0.5.1-9build1) ...
Setting up libcjson1:amd64 (1.7.17-1) ...
Setting up libxvidcore4:amd64 (2:1.3.7-1build1) ...
Setting up libkf5configwidgets-data (5.115.0-0ubuntu5) ...
Setting up plasma-workspace-data (4:5.27.12-0ubuntu0.1) ...
Setting up x11-xserver-utils (7.7+10build2) ...
Setting up libmpcdec6:amd64 (2:0.1~r495-2build1) ...
Setting up librav1e0:amd64 (0.7.1-2) ...
Setting up libkf5completion-data (5.115.0-0ubuntu5) ...
Setting up libsource-highlight-common (3.1.9-4.3build1) ...
Setting up libopengl0:amd64 (1.7.0-1build1) ...
Setting up libnfs14:amd64 (5.0.2-1ubuntu0.24.04.1) ...
Setting up libxcb-util1:amd64 (0.4.0-1build3) ...
Setting up liborc-0.4-0t64:amd64 (1:0.4.38-1ubuntu0.1) ...
Setting up libcdio-cdda2t64:amd64 (10.2+2.0.1-1.1build2) ...
Setting up libxcb-xkb1:amd64 (1.15-1ubuntu2) ...
Setting up libxcb-image0:amd64 (0.4.0-2build1) ...
Setting up libgps30t64:amd64 (3.25-3ubuntu3.2) ...
Setting up libqalculate-data (4.9.0-1.1build2) ...
Setting up librist4:amd64 (0.2.10+dfsg-2) ...
Setting up librsvg2-2:amd64 (2.58.0+dfsg-1build1) ...
Setting up libexiv2-27:amd64 (0.27.6-1ubuntu0.3) ...
Setting up libkf5coreaddons-data (5.115.0-0ubuntu5) ...
Setting up libcddb2 (1.3.2-7fakesync1build1) ...
Setting up libkf5sysguard-data (4:5.27.11-0ubuntu3) ...
Setting up liba52-0.7.4:amd64 (0.7.4-20build1) ...
Setting up libqt5core5t64:amd64 (5.15.13+dfsg-1ubuntu1) ...
Setting up libkf5notifyconfig-data (5.115.0-0ubuntu6) ...
Setting up libqt5texttospeech5:amd64 (5.15.13-1) ...
Setting up libblas3:amd64 (3.12.0-3build1.1) ...
update-alternatives: using /usr/lib/x86_64-linux-gnu/blas/libblas.so.3 to provide /usr/lib/x86_64-linux-gnu/libblas.so.3 (libblas.so.3-x86_64-linux-gnu) in auto mode
Setting up libegl-mesa0:amd64 (25.2.8-0ubuntu0.24.04.2) ...
Setting up libxcb-xinerama0:amd64 (1.15-1ubuntu2) ...
Setting up libplacebo338:amd64 (6.338.2-2build1) ...
Setting up libgles2:amd64 (1.7.0-1build1) ...
Setting up libva2:amd64 (2.20.0-2ubuntu0.2) ...
Setting up libkf5holidays5:amd64 (1:5.115.0-0ubuntu5) ...
Setting up libspa-0.2-modules:amd64 (1.0.5-1ubuntu3.3) ...
Setting up libdmtx0t64:amd64 (0.7.7-1.2build1) ...
Setting up libkf5dbusaddons-data (5.115.0-0ubuntu5) ...
Setting up libzxing3:amd64 (2.2.1-3) ...
Setting up libxcb-cursor0:amd64 (0.1.4-1build1) ...
Setting up libresid-builder0c2a (2.1.1-15ubuntu3) ...
Setting up libmtp-common (1.1.21-3.1ubuntu1) ...
Setting up libopus0:amd64 (1.4-1build1) ...
Setting up libfaad2:amd64 (2.11.1-1build1) ...
Setting up libkf5notifications-data (5.115.0-0ubuntu6) ...
Setting up libcdio-paranoia2t64:amd64 (10.2+2.0.1-1.1build2) ...
Setting up libxkbcommon-x11-0:amd64 (1.6.0-1build1) ...
Setting up libdc1394-25:amd64 (2.2.6-4build1) ...
Setting up libxv1:amd64 (2:1.0.11-1.1build1) ...
Setting up libkf5threadweaver5:amd64 (5.115.0-0ubuntu4) ...
Setting up libidn12:amd64 (1.42-1ubuntu0.1) ...
Setting up libunibreak5:amd64 (5.1-2build1) ...
Setting up libipt2 (2.0.6-1build1) ...
Setting up libixml11t64:amd64 (1:1.14.18-1.1ubuntu2) ...
Setting up libxcb-dpms0:amd64 (1.15-1ubuntu2) ...
Setting up libjxl0.7:amd64 (0.7.0-10.2ubuntu6.1) ...
Setting up libkf5people-data (5.115.0-0ubuntu4) ...
Setting up libbabeltrace1:amd64 (1.5.11-3build3) ...
Setting up libkf5wallet-data (5.115.0-0ubuntu3) ...
Setting up libkf5jobwidgets-data (5.115.0-0ubuntu5) ...
Setting up libvlccore9:amd64 (3.0.20-3build6) ...
Setting up libsidplay2 (2.1.1-15ubuntu3) ...
Setting up libkf5sonnet5-data (5.115.0-0ubuntu5) ...
Setting up libkf5iconthemes-data (5.115.0-0ubuntu6) ...
Setting up libx265-199:amd64 (3.5-2build1) ...
Setting up libkf5kiontlm5:amd64 (5.115.0-0ubuntu6) ...
Setting up libva-wayland2:amd64 (2.20.0-2ubuntu0.2) ...
Setting up libsndio7.0:amd64 (1.9.0-0.3build3) ...
Setting up libturbojpeg:amd64 (1:2.1.5-2ubuntu2) ...
Setting up libvidstab1.1:amd64 (1.1.0-2build1) ...
Setting up libvpx9:amd64 (1.14.0-1ubuntu2.3) ...
Setting up libsrt1.5-gnutls:amd64 (1.5.3-1build2) ...
Setting up libplist-2.0-4:amd64 (2.3.0-1~exp2build2) ...
Setting up libkf5globalaccel-data (5.115.0-0ubuntu5) ...
Setting up libtag1v5:amd64 (1.13.1-1build1) ...
Setting up libappstreamqt5-3:amd64 (1.0.2-1build6) ...
Setting up libmad0:amd64 (0.15.1b-10.2ubuntu1) ...
Setting up libxcb-composite0:amd64 (1.15-1ubuntu2) ...
Setting up libflite1:amd64 (2.2-6build3) ...
Setting up libdav1d7:amd64 (1.4.1-1build1) ...
Setting up liblua5.2-0:amd64 (5.2.4-3build2) ...
Setting up libmtdev1t64:amd64 (1.1.6-1.1build1) ...
Setting up libva-drm2:amd64 (2.20.0-2ubuntu0.2) ...
Setting up libminizip1t64:amd64 (1:1.3.dfsg-3.1ubuntu2.1) ...
Setting up ocl-icd-libopencl1:amd64 (2.3.2-1build1) ...
Setting up libasyncns0:amd64 (0.8-6build4) ...
Setting up libkf5filemetadata-data (5.115.0-0ubuntu4) ...
Setting up libusbmuxd6:amd64 (2.0.2-4build3) ...
Setting up libmatroska7:amd64 (1.7.1-1build1) ...
Setting up libvdpau1:amd64 (1.5-2build1) ...
Setting up dbus-x11 (1.14.10-4ubuntu4.1) ...
Setting up libmtp9t64:amd64 (1.1.21-3.1ubuntu1) ...
Setting up libbs2b0:amd64 (3.1.0+dfsg-7build1) ...
Setting up libxcb-xv0:amd64 (1.15-1ubuntu2) ...
Setting up breeze-icon-theme (4:5.115.0-0ubuntu3) ...
Setting up libtheora0:amd64 (1.1.1+dfsg.1-16.1build3) ...
Setting up libspeexdsp1:amd64 (1.2.1-1ubuntu3) ...
Setting up libqalculate22t64:amd64 (4.9.0-1.1build2) ...
Setting up libegl1:amd64 (1.7.0-1build1) ...
Setting up libfreerdp2-2t64:amd64 (2.11.5+dfsg1-1build2) ...
Setting up libxcvt0:amd64 (0.1.2-1build1) ...
Setting up x11-utils (7.7+6build2) ...
Setting up libqt5sql5t64:amd64 (5.15.13+dfsg-1ubuntu1) ...
Setting up libmd4c0:amd64 (0.4.8-1build1) ...
Setting up libdecor-0-0:amd64 (0.2.2-1build2) ...
Setting up libdca0:amd64 (0.0.7-2build1) ...
Setting up libharfbuzz-subset0:amd64 (8.3.0-2build2) ...
Setting up libzimg2:amd64 (3.0.5+ds1-1build1) ...
Setting up libopenal-data (1:1.23.1-4build1) ...
Setting up libflac12t64:amd64 (1.4.3+ds-2.1ubuntu2) ...
Setting up libkf5textwidgets-data (5.115.0-0ubuntu4) ...
Setting up libseat1:amd64 (0.8.0-1) ...
Setting up libkf5guiaddons-data (5.115.0-0ubuntu5) ...
Setting up libkf5peoplebackend5:amd64 (5.115.0-0ubuntu4) ...
Setting up libbluray2:amd64 (1:1.3.4-1build1) ...
Setting up libkf5archive-data (5.115.0-0ubuntu5) ...
Setting up libsamplerate0:amd64 (0.2.2-4build1) ...
Setting up libupnp17t64:amd64 (1:1.14.18-1.1ubuntu2) ...
Setting up libqca-qt5-2:amd64 (2.3.8-1build3) ...
Setting up libimobiledevice6:amd64 (1.3.0-8.1build3) ...
Setting up libva-x11-2:amd64 (2.20.0-2ubuntu0.2) ...
Setting up libspatialaudio0t64:amd64 (0.3.0+git20180730+dfsg1-2.1build1) ...
Setting up libkf5widgetsaddons-data (5.115.0-0ubuntu4) ...
Setting up libpipewire-0.3-0t64:amd64 (1.0.5-1ubuntu3.3) ...
Setting up vlc-data (3.0.20-3build6) ...
Setting up libplasma-geolocation-interface5 (4:5.27.12-0ubuntu0.1) ...
Setting up libopenmpt0t64:amd64 (0.7.3-1.1build3) ...
Setting up libzvbi-common (0.2.42-2) ...
Setting up libsecret-common (0.21.4-1build3) ...
Setting up qtchooser (66-2build2) ...
Setting up libmp3lame0:amd64 (3.100-6build1) ...
Setting up kwayland-data (4:5.115.0-0ubuntu5) ...
Setting up libvorbisenc2:amd64 (1.3.7-1build3) ...
Setting up libdvdnav4:amd64 (6.1.1-3build1) ...
Setting up libxres1:amd64 (2:1.2.1-1build1) ...
Setting up ktexteditor-data (5.115.0-0ubuntu4) ...
Setting up libaa1:amd64 (1.4p5-51.1) ...
Setting up libiec61883-0:amd64 (1.2.0-6build1) ...
Setting up libserd-0-0:amd64 (0.32.2-1) ...
Setting up libwacom-common (2.10.0-2) ...
Setting up libkf5sonnetcore5:amd64 (5.115.0-0ubuntu5) ...
Setting up libxcb-damage0:amd64 (1.15-1ubuntu2) ...
Setting up libxcb-record0:amd64 (1.15-1ubuntu2) ...
Setting up libavc1394-0:amd64 (0.5.4-5build3) ...
Setting up libdebuginfod1t64:amd64 (0.190-1.1ubuntu0.1) ...
Setting up liblapack3:amd64 (3.12.0-3build1.1) ...
update-alternatives: using /usr/lib/x86_64-linux-gnu/lapack/liblapack.so.3 to provide /usr/lib/x86_64-linux-gnu/liblapack.so.3 (liblapack.so.3-x86_64-linux-gnu) in auto mode
Setting up libqt5dbus5t64:amd64 (5.15.13+dfsg-1ubuntu1) ...
Setting up libpackagekitqt5-1:amd64 (1.1.1-1build3) ...
Setting up libqt5sql5-sqlite:amd64 (5.15.13+dfsg-1ubuntu1) ...
Setting up libzvbi0t64:amd64 (0.2.42-2) ...
Setting up libwacom9:amd64 (2.10.0-2) ...
Setting up libkf5calendarevents5:amd64 (5.115.0-0ubuntu5) ...
Setting up libkf5codecs5:amd64 (5.115.0-0ubuntu5) ...
Setting up libqt5positioning5:amd64 (5.15.13+dfsg-1) ...
Setting up libqt5network5t64:amd64 (5.15.13+dfsg-1ubuntu1) ...
Setting up libkf5archive5:amd64 (5.115.0-0ubuntu5) ...
Setting up libkf5configcore5:amd64 (5.115.0-0ubuntu5) ...
Setting up libvlc5:amd64 (3.0.20-3build6) ...
Setting up libqt5xml5t64:amd64 (5.15.13+dfsg-1ubuntu1) ...
Setting up libgstreamer-plugins-base1.0-0:amd64 (1.24.2-1ubuntu0.4) ...
Setting up libavutil58:amd64 (7:6.1.1-3ubuntu5) ...
Setting up libsource-highlight4t64:amd64 (3.1.9-4.3build1) ...
Setting up libopenal1:amd64 (1:1.23.1-4build1) ...
Setting up libkf5networkmanagerqt6 (5.115.0-0ubuntu4) ...
Setting up libkf5itemmodels5:amd64 (5.115.0-0ubuntu5) ...
Setting up libinput-bin (1.25.0-1ubuntu3.5) ...
Setting up libsecret-1-0:amd64 (0.21.4-1build3) ...
Setting up gdb (15.1-1ubuntu1~24.04.1) ...
Setting up libass9:amd64 (1:0.17.1-2build1) ...
Setting up libswresample4:amd64 (7:6.1.1-3ubuntu5) ...
Setting up libqt5qml5:amd64 (5.15.13+dfsg-1ubuntu0.1) ...
Setting up libkf5syndication5abi1:amd64 (1:5.115.0-0ubuntu5) ...
Setting up libshout3:amd64 (2.4.6-1build2) ...
Setting up libqt5webchannel5:amd64 (5.15.13-1) ...
Setting up libfreerdp-server2-2t64:amd64 (2.11.5+dfsg1-1build2) ...
Setting up libkf5activities5:amd64 (5.115.0-0ubuntu3) ...
Setting up libavcodec60:amd64 (7:6.1.1-3ubuntu5) ...
Setting up librubberband2:amd64 (3.3.0+dfsg-2build1) ...
Setting up libjack-jackd2-0:amd64 (1.9.21~dfsg-3ubuntu3) ...
Setting up libsord-0-0:amd64 (0.16.16-2build1) ...
Setting up libpostproc57:amd64 (7:6.1.1-3ubuntu5) ...
Setting up libsratom-0-0:amd64 (0.6.16-1build1) ...
Setting up libkf5configqml5:amd64 (5.115.0-0ubuntu5) ...
Setting up libkf5config-bin (5.115.0-0ubuntu5) ...
Setting up libopenmpt-modplug1:amd64 (0.8.9.0-openmpt1-2build2) ...
Setting up libsndfile1:amd64 (1.2.2-1ubuntu5.24.04.1) ...
Setting up libkf5coreaddons5:amd64 (5.115.0-0ubuntu5) ...
Setting up liblilv-0-0:amd64 (0.24.22-1build1) ...
Setting up libswscale7:amd64 (7:6.1.1-3ubuntu5) ...
Setting up vlc-plugin-video-output:amd64 (3.0.20-3build6) ...
Setting up qml-module-org-kde-kholidays:amd64 (1:5.115.0-0ubuntu5) ...
Setting up libkf5attica5:amd64 (5.115.0-0ubuntu5) ...
Setting up libinput10:amd64 (1.25.0-1ubuntu3.5) ...
Setting up libqt5qmlmodels5:amd64 (5.15.13+dfsg-1ubuntu0.1) ...
Setting up libkf5i18n5:amd64 (5.115.0-0ubuntu6) ...
Setting up libpulse0:amd64 (1:16.1+dfsg1-2ubuntu10.1) ...
Setting up qml-module-qtqml:amd64 (5.15.13+dfsg-1ubuntu0.1) ...
Setting up qdbus-qt5 (5.15.13-1) ...
Setting up libkf5doctools5:amd64 (5.115.0-0ubuntu5) ...
Setting up qml-module-org-kde-kitemmodels:amd64 (5.115.0-0ubuntu5) ...
Setting up libkf5activitiesstats1:amd64 (5.115.0-0ubuntu5) ...
Setting up libavformat60:amd64 (7:6.1.1-3ubuntu5) ...
Setting up libkfontinst5 (4:5.27.12-0ubuntu0.1) ...
Setting up libksysguardsystemstats1 (4:5.27.11-0ubuntu3) ...
Setting up qml-module-qt-labs-folderlistmodel:amd64 (5.15.13+dfsg-1ubuntu0.1) ...
Setting up libqt5qmlworkerscript5:amd64 (5.15.13+dfsg-1ubuntu0.1) ...
Setting up qml-module-qt-labs-settings:amd64 (5.15.13+dfsg-1ubuntu0.1) ...
Setting up libsphinxbase3t64:amd64 (0.8+5prealpha+1-17build2) ...
Setting up libqt5gui5t64:amd64 (5.15.13+dfsg-1ubuntu1) ...
Setting up libpulse-mainloop-glib0:amd64 (1:16.1+dfsg1-2ubuntu10.1) ...
Setting up libksgrd9 (4:5.27.11-0ubuntu3) ...
Setting up libkf5people5:amd64 (5.115.0-0ubuntu4) ...
Setting up libkf5syntaxhighlighting5:amd64 (5.115.0-0ubuntu3) ...
Setting up libkdecorations2private10:amd64 (4:5.27.11-0ubuntu2) ...
Setting up libkf5filemetadata3:amd64 (5.115.0-0ubuntu4) ...
Setting up qml-module-qtqml-models2:amd64 (5.15.13+dfsg-1ubuntu0.1) ...
Setting up libkf5guiaddons-bin (5.115.0-0ubuntu5) ...
Setting up vlc-plugin-base:amd64 (3.0.20-3build6) ...
Setting up libsdl2-2.0-0:amd64 (2.30.0+dfsg-1ubuntu3.1) ...
Setting up libqt5quick5:amd64 (5.15.13+dfsg-1ubuntu0.1) ...
Setting up libkf5package5:amd64 (5.115.0-0ubuntu5) ...
Setting up libkdecorations2-5v5:amd64 (4:5.27.11-0ubuntu2) ...
Setting up libkf5balooengine5 (5.115.0-0ubuntu5) ...
Setting up kpackagetool5 (5.115.0-0ubuntu5) ...
Setting up libkf5solid5:amd64 (5.115.0-0ubuntu5) ...
Setting up libqt5quickshapes5:amd64 (5.15.13+dfsg-1ubuntu0.1) ...
Setting up libkf5prison5:amd64 (5.115.0-0ubuntu5) ...
Setting up qml-module-org-kde-prison:amd64 (5.115.0-0ubuntu5) ...
Setting up libqt5x11extras5:amd64 (5.15.13-1) ...
Setting up libkworkspace5-5 (4:5.27.12-0ubuntu0.1) ...
Setting up libksysguardformatter1 (4:5.27.11-0ubuntu3) ...
Setting up libkfontinstui5 (4:5.27.12-0ubuntu0.1) ...
Setting up libqt5widgets5t64:amd64 (5.15.13+dfsg-1ubuntu1) ...
Setting up libkf5kexiv2-15.0.0:amd64 (23.08.5-0ubuntu3) ...
Setting up libkwinglutils14 (4:5.27.11-0ubuntu3) ...
Setting up libkpipewire5 (5.27.11-0ubuntu2) ...
Setting up qml-module-org-kde-syntaxhighlighting:amd64 (5.115.0-0ubuntu3) ...
Setting up libkf5screen8:amd64 (4:5.27.11-0ubuntu2) ...
Setting up libkf5dbusaddons5:amd64 (5.115.0-0ubuntu5) ...
Setting up libqt5svg5:amd64 (5.15.13-1) ...
Setting up qml-module-qtquick-window2:amd64 (5.15.13+dfsg-1ubuntu0.1) ...
Setting up libkuserfeedbackcore1:amd64 (1.3.0-3build3) ...
Setting up qml-module-org-kde-solid:amd64 (5.115.0-0ubuntu5) ...
Setting up qml-module-qtquick-layouts:amd64 (5.15.13+dfsg-1ubuntu0.1) ...
Setting up libqt5waylandclient5:amd64 (5.15.13-1) ...
Setting up libqt5multimedia5:amd64 (5.15.13-1) ...
Setting up libqt5quickwidgets5:amd64 (5.15.13+dfsg-1ubuntu0.1) ...
Setting up libpocketsphinx3:amd64 (0.8.0+real5prealpha+1-15ubuntu5) ...
Setting up libkf5configgui5:amd64 (5.115.0-0ubuntu5) ...
Setting up libkf5globalaccel5:amd64 (5.115.0-0ubuntu5) ...
Setting up libkf5sonnetui5:amd64 (5.115.0-0ubuntu5) ...
Setting up libkf5crash5:amd64 (5.115.0-0ubuntu5) ...
Setting up libkf5waylandclient5:amd64 (4:5.115.0-0ubuntu5) ...
Setting up libksysguardsensors1 (4:5.27.11-0ubuntu3) ...
Setting up qml-module-org-kde-activities:amd64 (5.115.0-0ubuntu3) ...
Setting up libqt5webenginecore5:amd64 (5.15.16+dfsg-3) ...
Setting up qml-module-org-kde-sonnet:amd64 (5.115.0-0ubuntu5) ...
Setting up libqt5multimediaquick5:amd64 (5.15.13-1) ...
Setting up libkf5baloo5 (5.115.0-0ubuntu5) ...
Setting up libqt5quicktemplates2-5:amd64 (5.15.13+dfsg-1) ...
Setting up libkwineffects14 (4:5.27.11-0ubuntu3) ...
Setting up libkf5service5:amd64 (5.115.0-0ubuntu4) ...
Setting up libdbusmenu-qt5-2:amd64 (0.9.3+16.04.20160218-2build3) ...
Setting up libkf5windowsystem5:amd64 (5.115.0-0ubuntu4) ...
Setting up qml-module-qtquick2:amd64 (5.15.13+dfsg-1ubuntu0.1) ...
Setting up libpolkit-qt5-1-1:amd64 (0.200.0-1build4) ...
Setting up qml-module-qtquick-privatewidgets:amd64 (5.15.13-1) ...
Setting up qml-module-org-kde-userfeedback:amd64 (1.3.0-3build3) ...
Setting up qml-module-qtmultimedia:amd64 (5.15.13-1) ...
Setting up libqt5printsupport5t64:amd64 (5.15.13+dfsg-1ubuntu1) ...
Setting up libkf5itemviews5:amd64 (5.115.0-0ubuntu5) ...
Setting up libkf5authcore5:amd64 (5.115.0-0ubuntu5) ...
Setting up libkf5idletime5:amd64 (5.115.0-0ubuntu5) ...
Setting up libkpipewiredmabuf5 (5.27.11-0ubuntu2) ...
Setting up libkf5widgetsaddons5:amd64 (5.115.0-0ubuntu4) ...
Setting up libphonon4qt5-4t64:amd64 (4:4.12.0-3.1build3) ...
Setting up liblayershellqtinterface5 (5.27.11-0ubuntu3) ...
Setting up phonon4qt5-backend-vlc:amd64 (0.12.0-3build3) ...
Setting up libkf5guiaddons5:amd64 (5.115.0-0ubuntu5) ...
Setting up libkf5configwidgets5:amd64 (5.115.0-0ubuntu5) ...
Setting up libkf5notifications5:amd64 (5.115.0-0ubuntu6) ...
Setting up libkf5jobwidgets5:amd64 (5.115.0-0ubuntu5) ...
Setting up qml-module-qtquick-templates2:amd64 (5.15.13+dfsg-1) ...
Setting up libkwalletbackend5-5:amd64 (5.115.0-0ubuntu3) ...
Setting up libkf5service-bin (5.115.0-0ubuntu4) ...
Setting up libqt5quickcontrols2-5:amd64 (5.15.13+dfsg-1) ...
Setting up qml-module-qtquick-shapes:amd64 (5.15.13+dfsg-1ubuntu0.1) ...
Setting up kded5 (5.115.0-0ubuntu5) ...
Setting up libprocesscore9 (4:5.27.11-0ubuntu3) ...
Setting up libkf5texteditor-bin (5.115.0-0ubuntu4) ...
Setting up libkf5screendpms8:amd64 (4:5.27.11-0ubuntu2) ...
Setting up libkf5kcmutilscore5:amd64 (5.115.0-0ubuntu5) ...
Setting up libavfilter9:amd64 (7:6.1.1-3ubuntu5) ...
Setting up libksysguardsensorfaces1 (4:5.27.11-0ubuntu3) ...
Setting up libkf5kirigami2-5 (5.115.0-0ubuntu6) ...
Setting up libneatvnc0:amd64 (0.7.1+dfsg-2build3) ...
Setting up libkf5kiocore5:amd64 (5.115.0-0ubuntu6) ...
Setting up qml-module-qtgraphicaleffects:amd64 (5.15.13-1) ...
Setting up libkf5globalaccelprivate5:amd64 (5.115.0-0ubuntu5) ...
Setting up libweston-13-0:amd64 (13.0.0-4build3) ...
Setting up libqt5webenginewidgets5:amd64 (5.15.16+dfsg-3) ...
Setting up qml-module-org-kde-kcmutils:amd64 (5.115.0-0ubuntu5) ...
Setting up phonon4qt5:amd64 (4:4.12.0-3.1build3) ...
Setting up libkf5completion5:amd64 (5.115.0-0ubuntu5) ...
Setting up libkf5wallet5:amd64 (5.115.0-0ubuntu3) ...
Setting up qml-module-qtquick-dialogs:amd64 (5.15.13-1) ...
Setting up libkf5iconthemes5:amd64 (5.115.0-0ubuntu6) ...
Setting up libkf5auth5:amd64 (5.115.0-0ubuntu5) ...
Setting up libkf5peoplewidgets5:amd64 (5.115.0-0ubuntu4) ...
Setting up libkf5style5:amd64 (5.115.0-0ubuntu7) ...
Setting up libkf5screen-bin (4:5.27.11-0ubuntu2) ...
Setting up libkf5globalaccel-bin (5.115.0-0ubuntu5) ...
Setting up kde-style-breeze (4:5.27.12-0ubuntu0.1) ...
Setting up libkpipewirerecord5 (5.27.11-0ubuntu2) ...
Setting up weston (13.0.0-4build3) ...
Setting up qml-module-qtquick-controls2:amd64 (5.15.13+dfsg-1) ...
Setting up kwin-style-breeze (4:5.27.12-0ubuntu0.1) ...
Setting up qml-module-qtquick-controls:amd64 (5.15.13-1) ...
Setting up libavdevice60:amd64 (7:6.1.1-3ubuntu5) ...
Setting up libkf5xmlgui5:amd64 (5.115.0-0ubuntu5) ...
Setting up libkf5textwidgets5:amd64 (5.115.0-0ubuntu4) ...
Setting up qml-module-org-kde-pipewire (5.27.11-0ubuntu2) ...
Setting up libkf5kiogui5:amd64 (5.115.0-0ubuntu6) ...
Setting up libkf5wallet-bin (5.115.0-0ubuntu3) ...
Setting up libprocessui9 (4:5.27.11-0ubuntu3) ...
Setting up libkf5bookmarks5:amd64 (5.115.0-0ubuntu5) ...
Setting up ffmpeg (7:6.1.1-3ubuntu5) ...
Setting up libtaskmanager6 (4:5.27.12-0ubuntu0.1) ...
Setting up libkf5kiowidgets5:amd64 (5.115.0-0ubuntu6) ...
Setting up libkf5kiofilewidgets5:amd64 (5.115.0-0ubuntu6) ...
Setting up kio (5.115.0-0ubuntu6) ...
Setting up kinit (5.115.0-0ubuntu6) ...
Sucessfully set capabilities for start_kdeinit
Setting up libkf5notifyconfig5:amd64 (5.115.0-0ubuntu6) ...
Setting up libkf5parts5:amd64 (5.115.0-0ubuntu5) ...
Setting up kactivitymanagerd (5.27.11-0ubuntu3) ...
Setting up libkf5plasma5:amd64 (5.115.0-0ubuntu4) ...
Setting up libnotificationmanager1 (4:5.27.12-0ubuntu0.1) ...
Setting up libkf5runner5:amd64 (5.115.0-0ubuntu4) ...
Setting up libkf5declarative5:amd64 (5.115.0-0ubuntu5) ...
Setting up libkf5quickaddons5:amd64 (5.115.0-0ubuntu5) ...
Setting up qml-module-org-kde-kwindowsystem:amd64 (5.115.0-0ubuntu5) ...
Setting up drkonqi (5.27.11-0ubuntu3) ...
Created symlink /etc/systemd/user/default.target.wants/drkonqi-coredump-cleanup.service → /usr/lib/systemd/user/drkonqi-coredump-cleanup.service.
Created symlink /etc/systemd/user/timers.target.wants/drkonqi-coredump-cleanup.timer → /usr/lib/systemd/user/drkonqi-coredump-cleanup.timer.
Created symlink /etc/systemd/user/sockets.target.wants/drkonqi-coredump-launcher.socket → /usr/lib/systemd/user/drkonqi-coredump-launcher.socket.
Setting up qml-module-org-kde-kconfig:amd64 (5.115.0-0ubuntu5) ...
Setting up libkf5plasmaquick5:amd64 (5.115.0-0ubuntu4) ...
Setting up libkf5newstuffcore5:amd64 (5.115.0-0ubuntu5) ...
Setting up libkf5kcmutils5:amd64 (5.115.0-0ubuntu5) ...
Setting up libweather-ion7 (4:5.27.12-0ubuntu0.1) ...
Setting up breeze (4:5.27.12-0ubuntu0.1) ...
Setting up frameworkintegration (5.115.0-0ubuntu7) ...
Setting up libkf5texteditor5:amd64 (5.115.0-0ubuntu4) ...
Setting up libkscreenlocker5:amd64 (5.27.11-0ubuntu2) ...
Setting up libcolorcorrect5 (4:5.27.12-0ubuntu0.1) ...
Setting up qml-module-org-kde-kquickcontrols:amd64 (5.115.0-0ubuntu5) ...
Setting up qml-module-org-kde-kquickcontrolsaddons:amd64 (5.115.0-0ubuntu5) ...
Setting up qml-module-org-kde-kcoreaddons:amd64 (5.115.0-0ubuntu5) ...
Setting up libkf5newstuff5:amd64 (5.115.0-0ubuntu5) ...
Setting up qml-module-org-kde-draganddrop:amd64 (5.115.0-0ubuntu5) ...
Setting up qml-module-org-kde-kirigami2 (5.115.0-0ubuntu6) ...
Setting up libkf5newstuffwidgets5:amd64 (5.115.0-0ubuntu5) ...
Setting up qml-module-org-kde-qqc2desktopstyle (5.115.0-0ubuntu4) ...
Setting up kwin-common (4:5.27.11-0ubuntu3) ...
Setting up plasma-framework (5.115.0-0ubuntu4) ...
Setting up plasma-integration (5.27.11-0ubuntu3) ...
Setting up qml-module-org-kde-newstuff (5.115.0-0ubuntu5) ...
Setting up milou (4:5.27.11-0ubuntu2) ...
Setting up qml-module-org-kde-quickcharts (5.115.0-0ubuntu4) ...
Setting up qml-module-org-kde-ksysguard (4:5.27.11-0ubuntu3) ...
Setting up plasma-workspace (4:5.27.12-0ubuntu0.1) ...
update-alternatives: using /usr/bin/startplasma-x11 to provide /usr/bin/x-session-manager (x-session-manager) in auto mode
Created symlink /etc/systemd/user/plasma-workspace.service → /usr/lib/systemd/user/plasma-kcminit.service.
Created symlink /etc/systemd/user/plasma-core.target.wants/plasma-ksmserver.service → /usr/lib/systemd/user/plasma-ksmserver.service.
Created symlink /etc/systemd/user/plasma-core.target.wants/plasma-plasmashell.service → /usr/lib/systemd/user/plasma-plasmashell.service.
Processing triggers for libc-bin (2.39-0ubuntu8.7) ...
Processing triggers for man-db (2.12.0-4build2) ...
Not building database; man-db/auto-update is not 'true'.
Processing triggers for dbus (1.14.10-4ubuntu4.1) ...
Processing triggers for shared-mime-info (2.4-4) ...
Processing triggers for udev (255.4-1ubuntu8.16) ...
Processing triggers for hicolor-icon-theme (0.17-2) ...

Running kernel seems to be up-to-date.

No services need to be restarted.

No containers need to be restarted.

No user sessions are running outdated binaries.

No VM guests are running outdated hypervisor (qemu) binaries on this host.
